case_id,map_key,internal_chemistry_key,chain,res_seq,icode,res_name,scrsa,local_score,propensity,multiscale_persistence
ubiquitin_citrate_au,anionic,anionic,A,9,,THR,0.8173,0.8173,100.0,57.592
ubiquitin_citrate_au,anionic,anionic,A,20,,SER,0.79503,0.79503,97.275,40.977
ubiquitin_citrate_au,anionic,anionic,A,74,,ARG,0.78604,0.786028,96.174,29.285
ubiquitin_citrate_au,anionic,anionic,A,63,,LYS,0.67954,0.678465,83.013,23.091
ubiquitin_citrate_au,anionic,anionic,A,6,,LYS,0.60914,0.608176,74.413,45.731
ubiquitin_citrate_au,anionic,anionic,A,54,,ARG,0.57372,0.573711,70.196,49.738
ubiquitin_citrate_au,anionic,anionic,A,57,,SER,0.55403,0.55403,67.788,31.998
ubiquitin_citrate_au,anionic,anionic,A,11,,LYS,0.54725,0.546384,66.852,72.392
ubiquitin_citrate_au,anionic,anionic,A,48,,LYS,0.54234,0.541482,66.253,15.331
ubiquitin_citrate_au,anionic,anionic,A,72,,ARG,0.53154,0.531532,65.035,19.803
ubiquitin_citrate_au,anionic,anionic,A,14,,THR,0.5129,0.5129,62.755,19.109
ubiquitin_citrate_au,anionic,anionic,A,33,,LYS,0.48345,0.482685,59.058,17.984
ubiquitin_citrate_au,anionic,anionic,A,22,,THR,0.45645,0.45645,55.849,49.738
ubiquitin_citrate_au,anionic,anionic,A,42,,ARG,0.4439,0.443893,54.312,16.538
ubiquitin_citrate_au,anionic,anionic,A,66,,THR,0.42783,0.42783,52.347,21.047
ubiquitin_citrate_au,anionic,anionic,A,12,,THR,0.40283,0.40283,49.288,58.024
ubiquitin_citrate_au,anionic,anionic,A,29,,LYS,0.37247,0.371881,45.501,17.287
ubiquitin_citrate_au,anionic,anionic,A,55,,THR,0.30481,0.30481,37.295,75.995
ubiquitin_citrate_au,anionic,anionic,A,7,,THR,0.1821,0.1821,22.281,73.364
ubiquitin_citrate_au,anionic,anionic,A,65,,SER,0.13709,0.13709,16.774,35.205
ubiquitin_citrate_au,anionic,anionic,A,27,,LYS,0.09226,0.092114,11.271,17.287
ubiquitin_citrate_au,anionic,anionic,A,68,,HIS,0.5786,0.03434,4.202,23.938
ubiquitin_citrate_au,cationic,cationic,A,32,,ASP,1.0,0.999842,100.0,30.782
ubiquitin_citrate_au,cationic,cationic,A,16,,GLU,0.97806,0.977814,97.797,47.074
ubiquitin_citrate_au,cationic,cationic,A,60,,ASN,0.94817,0.94817,94.832,51.232
ubiquitin_citrate_au,cationic,cationic,A,51,,GLU,0.85897,0.858754,85.889,49.271
ubiquitin_citrate_au,cationic,cationic,A,24,,GLU,0.85853,0.858314,85.845,65.508
ubiquitin_citrate_au,cationic,cationic,A,62,,GLN,0.82521,0.82521,82.534,32.903
ubiquitin_citrate_au,cationic,cationic,A,9,,THR,0.8173,0.8173,81.743,23.992
ubiquitin_citrate_au,cationic,cationic,A,20,,SER,0.79503,0.79503,79.516,62.855
ubiquitin_citrate_au,cationic,cationic,A,18,,GLU,0.74912,0.748932,74.905,63.558
ubiquitin_citrate_au,cationic,cationic,A,39,,ASP,0.69417,0.69406,69.417,17.521
ubiquitin_citrate_au,cationic,cationic,A,64,,GLU,0.61569,0.615535,61.563,43.071
ubiquitin_citrate_au,cationic,cationic,A,52,,ASP,0.58234,0.582248,58.234,60.12
ubiquitin_citrate_au,cationic,cationic,A,49,,GLN,0.55963,0.55963,55.972,19.135
ubiquitin_citrate_au,cationic,cationic,A,57,,SER,0.55403,0.55403,55.412,84.587
ubiquitin_citrate_au,cationic,cationic,A,31,,GLN,0.52319,0.52319,52.327,30.782
ubiquitin_citrate_au,cationic,cationic,A,14,,THR,0.5129,0.5129,51.298,17.537
ubiquitin_citrate_au,cationic,cationic,A,2,,GLN,0.51164,0.51164,51.172,71.974
ubiquitin_citrate_au,cationic,cationic,A,58,,ASP,0.49951,0.499431,49.951,55.931
ubiquitin_citrate_au,cationic,cationic,A,22,,THR,0.45645,0.45645,45.652,81.639
ubiquitin_citrate_au,cationic,cationic,A,25,,ASN,0.45317,0.45317,45.324,50.815
ubiquitin_citrate_au,cationic,cationic,A,66,,THR,0.42783,0.42783,42.79,19.316
ubiquitin_citrate_au,cationic,cationic,A,12,,THR,0.40283,0.40283,40.289,13.774
ubiquitin_citrate_au,cationic,cationic,A,40,,GLN,0.32995,0.32995,33.0,17.521
ubiquitin_citrate_au,cationic,cationic,A,21,,ASP,0.31495,0.3149,31.495,76.749
ubiquitin_citrate_au,cationic,cationic,A,55,,THR,0.30481,0.30481,30.486,100.0
ubiquitin_citrate_au,cationic,cationic,A,34,,GLU,0.27613,0.276061,27.61,27.328
ubiquitin_citrate_au,cationic,cationic,A,7,,THR,0.1821,0.1821,18.213,23.992
ubiquitin_citrate_au,cationic,cationic,A,59,,TYR,0.16743,0.16743,16.746,42.328
ubiquitin_citrate_au,cationic,cationic,A,65,,SER,0.13709,0.13709,13.711,43.071
ubiquitin_citrate_au,hydrophobic,hydrophobic,A,8,,LEU,0.72066,0.72066,100.0,42.832
ubiquitin_citrate_au,hydrophobic,hydrophobic,A,73,,LEU,0.60484,0.60484,83.929,35.948
ubiquitin_citrate_au,hydrophobic,hydrophobic,A,28,,ALA,0.5582,0.5582,77.457,33.176
ubiquitin_citrate_au,hydrophobic,hydrophobic,A,46,,ALA,0.40993,0.40993,56.883,37.283
ubiquitin_citrate_au,hydrophobic,hydrophobic,A,37,,PRO,0.38353,0.38353,53.219,55.642
ubiquitin_citrate_au,hydrophobic,hydrophobic,A,19,,PRO,0.37849,0.37849,52.52,22.495
ubiquitin_citrate_au,hydrophobic,hydrophobic,A,71,,LEU,0.35604,0.35604,49.405,40.34
ubiquitin_citrate_au,hydrophobic,hydrophobic,A,38,,PRO,0.33812,0.33812,46.918,42.891
ubiquitin_citrate_au,hydrophobic,hydrophobic,A,4,,PHE,0.33156,0.33156,46.008,14.937
ubiquitin_citrate_au,hydrophobic,hydrophobic,A,70,,VAL,0.3227,0.3227,44.778,40.34
ubiquitin_citrate_au,hydrophobic,hydrophobic,A,45,,PHE,0.21736,0.21736,30.161,37.727
ubiquitin_citrate_au,hydrophobic,hydrophobic,A,36,,ILE,0.21454,0.21454,29.77,35.546
ubiquitin_citrate_au,hydrophobic,hydrophobic,A,44,,ILE,0.21016,0.21016,29.162,25.409
ubiquitin_citrate_au,hydrophobic,hydrophobic,A,1,,MET,0.13483,0.13483,18.709,8.014
ubiquitin_citrate_au,pi_carbon,pi_carbon,A,74,,ARG,0.78604,0.786028,100.0,58.771
ubiquitin_citrate_au,pi_carbon,pi_carbon,A,63,,LYS,0.67954,0.678465,86.316,31.128
ubiquitin_citrate_au,pi_carbon,pi_carbon,A,6,,LYS,0.60914,0.608176,77.373,88.735
ubiquitin_citrate_au,pi_carbon,pi_carbon,A,68,,HIS,0.5786,0.5786,73.611,88.735
ubiquitin_citrate_au,pi_carbon,pi_carbon,A,54,,ARG,0.57372,0.573711,72.989,34.004
ubiquitin_citrate_au,pi_carbon,pi_carbon,A,11,,LYS,0.54725,0.546384,69.512,40.853
ubiquitin_citrate_au,pi_carbon,pi_carbon,A,48,,LYS,0.54234,0.541482,68.888,42.498
ubiquitin_citrate_au,pi_carbon,pi_carbon,A,72,,ARG,0.53154,0.531532,67.623,39.742
ubiquitin_citrate_au,pi_carbon,pi_carbon,A,33,,LYS,0.48345,0.482685,61.408,36.09
ubiquitin_citrate_au,pi_carbon,pi_carbon,A,42,,ARG,0.4439,0.443893,56.473,33.19
ubiquitin_citrate_au,pi_carbon,pi_carbon,A,29,,LYS,0.37247,0.371881,47.311,34.693
ubiquitin_citrate_au,pi_carbon,pi_carbon,A,4,,PHE,0.33156,0.33156,42.182,24.791
ubiquitin_citrate_au,pi_carbon,pi_carbon,A,45,,PHE,0.21736,0.21736,27.653,56.738
ubiquitin_citrate_au,pi_carbon,pi_carbon,A,59,,TYR,0.16743,0.16743,21.301,12.519
ubiquitin_citrate_au,pi_carbon,pi_carbon,A,27,,LYS,0.09226,0.092114,11.719,21.288
ubiquitin_citrate_au,hbond_donor,hbond_donor,A,32,,ASP,1.0,1.0,100.0,30.783
ubiquitin_citrate_au,hbond_donor,hbond_donor,A,16,,GLU,0.97806,0.97806,97.806,47.076
ubiquitin_citrate_au,hbond_donor,hbond_donor,A,60,,ASN,0.94817,0.94817,94.817,51.227
ubiquitin_citrate_au,hbond_donor,hbond_donor,A,51,,GLU,0.85897,0.85897,85.897,49.279
ubiquitin_citrate_au,hbond_donor,hbond_donor,A,24,,GLU,0.85853,0.85853,85.853,65.51
ubiquitin_citrate_au,hbond_donor,hbond_donor,A,62,,GLN,0.82521,0.82521,82.521,32.902
ubiquitin_citrate_au,hbond_donor,hbond_donor,A,9,,THR,0.8173,0.8173,81.73,23.989
ubiquitin_citrate_au,hbond_donor,hbond_donor,A,20,,SER,0.79503,0.79503,79.503,62.853
ubiquitin_citrate_au,hbond_donor,hbond_donor,A,18,,GLU,0.74912,0.74912,74.912,63.564
ubiquitin_citrate_au,hbond_donor,hbond_donor,A,39,,ASP,0.69417,0.69417,69.417,17.521
ubiquitin_citrate_au,hbond_donor,hbond_donor,A,64,,GLU,0.61569,0.61569,61.569,43.069
ubiquitin_citrate_au,hbond_donor,hbond_donor,A,52,,ASP,0.58234,0.58234,58.234,60.122
ubiquitin_citrate_au,hbond_donor,hbond_donor,A,49,,GLN,0.55963,0.55963,55.963,19.134
ubiquitin_citrate_au,hbond_donor,hbond_donor,A,57,,SER,0.55403,0.55403,55.403,84.586
ubiquitin_citrate_au,hbond_donor,hbond_donor,A,31,,GLN,0.52319,0.52319,52.319,30.783
ubiquitin_citrate_au,hbond_donor,hbond_donor,A,14,,THR,0.5129,0.5129,51.29,17.536
ubiquitin_citrate_au,hbond_donor,hbond_donor,A,2,,GLN,0.51164,0.51164,51.164,71.985
ubiquitin_citrate_au,hbond_donor,hbond_donor,A,58,,ASP,0.49951,0.49951,49.951,55.926
ubiquitin_citrate_au,hbond_donor,hbond_donor,A,22,,THR,0.45645,0.45645,45.645,81.644
ubiquitin_citrate_au,hbond_donor,hbond_donor,A,25,,ASN,0.45317,0.45317,45.317,50.815
ubiquitin_citrate_au,hbond_donor,hbond_donor,A,66,,THR,0.42783,0.42783,42.783,19.315
ubiquitin_citrate_au,hbond_donor,hbond_donor,A,12,,THR,0.40283,0.40283,40.283,13.773
ubiquitin_citrate_au,hbond_donor,hbond_donor,A,40,,GLN,0.32995,0.32995,32.995,17.521
ubiquitin_citrate_au,hbond_donor,hbond_donor,A,21,,ASP,0.31495,0.31495,31.495,76.748
ubiquitin_citrate_au,hbond_donor,hbond_donor,A,55,,THR,0.30481,0.30481,30.481,100.0
ubiquitin_citrate_au,hbond_donor,hbond_donor,A,34,,GLU,0.27613,0.27613,27.613,27.329
ubiquitin_citrate_au,hbond_donor,hbond_donor,A,7,,THR,0.1821,0.1821,18.21,23.989
ubiquitin_citrate_au,hbond_donor,hbond_donor,A,59,,TYR,0.16743,0.16743,16.743,42.324
ubiquitin_citrate_au,hbond_donor,hbond_donor,A,65,,SER,0.13709,0.13709,13.709,43.069
ubiquitin_citrate_au,hbond_acceptor,hbond_acceptor,A,9,,THR,0.8173,0.8173,100.0,57.592
ubiquitin_citrate_au,hbond_acceptor,hbond_acceptor,A,20,,SER,0.79503,0.79503,97.275,40.977
ubiquitin_citrate_au,hbond_acceptor,hbond_acceptor,A,74,,ARG,0.78604,0.786028,96.174,29.285
ubiquitin_citrate_au,hbond_acceptor,hbond_acceptor,A,63,,LYS,0.67954,0.678465,83.013,23.318
ubiquitin_citrate_au,hbond_acceptor,hbond_acceptor,A,6,,LYS,0.60914,0.608176,74.413,44.452
ubiquitin_citrate_au,hbond_acceptor,hbond_acceptor,A,54,,ARG,0.57372,0.573711,70.196,49.738
ubiquitin_citrate_au,hbond_acceptor,hbond_acceptor,A,57,,SER,0.55403,0.55403,67.788,31.998
ubiquitin_citrate_au,hbond_acceptor,hbond_acceptor,A,11,,LYS,0.54725,0.546384,66.852,72.6
ubiquitin_citrate_au,hbond_acceptor,hbond_acceptor,A,48,,LYS,0.54234,0.541482,66.253,15.482
ubiquitin_citrate_au,hbond_acceptor,hbond_acceptor,A,72,,ARG,0.53154,0.531532,65.035,19.803
ubiquitin_citrate_au,hbond_acceptor,hbond_acceptor,A,14,,THR,0.5129,0.5129,62.755,19.109
ubiquitin_citrate_au,hbond_acceptor,hbond_acceptor,A,33,,LYS,0.48345,0.482685,59.058,17.984
ubiquitin_citrate_au,hbond_acceptor,hbond_acceptor,A,22,,THR,0.45645,0.45645,55.849,49.738
ubiquitin_citrate_au,hbond_acceptor,hbond_acceptor,A,42,,ARG,0.4439,0.443893,54.312,16.538
ubiquitin_citrate_au,hbond_acceptor,hbond_acceptor,A,66,,THR,0.42783,0.42783,52.347,21.047
ubiquitin_citrate_au,hbond_acceptor,hbond_acceptor,A,12,,THR,0.40283,0.40283,49.288,58.024
ubiquitin_citrate_au,hbond_acceptor,hbond_acceptor,A,29,,LYS,0.37247,0.371881,45.501,17.287
ubiquitin_citrate_au,hbond_acceptor,hbond_acceptor,A,55,,THR,0.30481,0.30481,37.295,76.741
ubiquitin_citrate_au,hbond_acceptor,hbond_acceptor,A,7,,THR,0.1821,0.1821,22.281,73.103
ubiquitin_citrate_au,hbond_acceptor,hbond_acceptor,A,65,,SER,0.13709,0.13709,16.774,35.55
ubiquitin_citrate_au,hbond_acceptor,hbond_acceptor,A,27,,LYS,0.09226,0.092114,11.271,17.287
ubiquitin_citrate_au,oxide,oxide,A,32,,ASP,1.0,0.999842,100.0,40.706
ubiquitin_citrate_au,oxide,oxide,A,16,,GLU,0.97806,0.977814,97.797,42.526
ubiquitin_citrate_au,oxide,oxide,A,51,,GLU,0.85897,0.858754,85.889,62.671
ubiquitin_citrate_au,oxide,oxide,A,24,,GLU,0.85853,0.858314,85.845,62.652
ubiquitin_citrate_au,oxide,oxide,A,18,,GLU,0.74912,0.748932,74.905,46.267
ubiquitin_citrate_au,oxide,oxide,A,39,,ASP,0.69417,0.69406,69.417,22.143
ubiquitin_citrate_au,oxide,oxide,A,64,,GLU,0.61569,0.615535,61.563,19.638
ubiquitin_citrate_au,oxide,oxide,A,52,,ASP,0.58234,0.582248,58.234,73.356
ubiquitin_citrate_au,oxide,oxide,A,58,,ASP,0.49951,0.499431,49.951,15.934
ubiquitin_citrate_au,oxide,oxide,A,21,,ASP,0.31495,0.3149,31.495,46.267
ubiquitin_citrate_au,oxide,oxide,A,34,,GLU,0.27613,0.276061,27.61,12.006
ubiquitin_citrate_au,calcium_phosphate,hydroxyapatite,A,32,,ASP,1.0,0.999842,100.0,54.761
ubiquitin_citrate_au,calcium_phosphate,hydroxyapatite,A,16,,GLU,0.97806,0.977814,97.797,34.034
ubiquitin_citrate_au,calcium_phosphate,hydroxyapatite,A,51,,GLU,0.85897,0.858754,85.889,70.125
ubiquitin_citrate_au,calcium_phosphate,hydroxyapatite,A,24,,GLU,0.85853,0.858314,85.845,53.347
ubiquitin_citrate_au,calcium_phosphate,hydroxyapatite,A,74,,ARG,0.78604,0.786028,78.615,27.359
ubiquitin_citrate_au,calcium_phosphate,hydroxyapatite,A,18,,GLU,0.74912,0.748932,74.905,37.028
ubiquitin_citrate_au,calcium_phosphate,hydroxyapatite,A,39,,ASP,0.69417,0.69406,69.417,24.158
ubiquitin_citrate_au,calcium_phosphate,hydroxyapatite,A,63,,LYS,0.67954,0.678465,67.857,31.882
ubiquitin_citrate_au,calcium_phosphate,hydroxyapatite,A,64,,GLU,0.61569,0.615535,61.563,31.882
ubiquitin_citrate_au,calcium_phosphate,hydroxyapatite,A,6,,LYS,0.60914,0.608176,60.827,22.364
ubiquitin_citrate_au,calcium_phosphate,hydroxyapatite,A,52,,ASP,0.58234,0.582248,58.234,73.056
ubiquitin_citrate_au,calcium_phosphate,hydroxyapatite,A,54,,ARG,0.57372,0.573711,57.38,70.125
ubiquitin_citrate_au,calcium_phosphate,hydroxyapatite,A,11,,LYS,0.54725,0.546384,54.647,19.018
ubiquitin_citrate_au,calcium_phosphate,hydroxyapatite,A,48,,LYS,0.54234,0.541482,54.157,13.341
ubiquitin_citrate_au,calcium_phosphate,hydroxyapatite,A,72,,ARG,0.53154,0.531532,53.162,18.501
ubiquitin_citrate_au,calcium_phosphate,hydroxyapatite,A,58,,ASP,0.49951,0.499431,49.951,17.383
ubiquitin_citrate_au,calcium_phosphate,hydroxyapatite,A,33,,LYS,0.48345,0.482685,48.276,52.491
ubiquitin_citrate_au,calcium_phosphate,hydroxyapatite,A,42,,ARG,0.4439,0.443893,44.396,15.45
ubiquitin_citrate_au,calcium_phosphate,hydroxyapatite,A,29,,LYS,0.37247,0.371881,37.194,50.951
ubiquitin_citrate_au,calcium_phosphate,hydroxyapatite,A,21,,ASP,0.31495,0.3149,31.495,37.028
ubiquitin_citrate_au,calcium_phosphate,hydroxyapatite,A,34,,GLU,0.27613,0.276061,27.61,26.409
ubiquitin_citrate_au,calcium_phosphate,hydroxyapatite,A,27,,LYS,0.09226,0.092114,9.213,46.025
ubiquitin_citrate_au,calcium_phosphate,hydroxyapatite,A,68,,HIS,0.5786,0.03434,3.435,22.364
ubiquitin_citrate_au,metal_coord,metal_coord,A,32,,ASP,1.0,0.999842,100.0,40.706
ubiquitin_citrate_au,metal_coord,metal_coord,A,16,,GLU,0.97806,0.977814,97.797,48.39
ubiquitin_citrate_au,metal_coord,metal_coord,A,51,,GLU,0.85897,0.858754,85.889,62.671
ubiquitin_citrate_au,metal_coord,metal_coord,A,24,,GLU,0.85853,0.858314,85.845,62.652
ubiquitin_citrate_au,metal_coord,metal_coord,A,18,,GLU,0.74912,0.748932,74.905,52.131
ubiquitin_citrate_au,metal_coord,metal_coord,A,39,,ASP,0.69417,0.69406,69.417,22.143
ubiquitin_citrate_au,metal_coord,metal_coord,A,64,,GLU,0.61569,0.615535,61.563,23.939
ubiquitin_citrate_au,metal_coord,metal_coord,A,52,,ASP,0.58234,0.582248,58.234,73.356
ubiquitin_citrate_au,metal_coord,metal_coord,A,68,,HIS,0.5786,0.5786,57.869,18.459
ubiquitin_citrate_au,metal_coord,metal_coord,A,58,,ASP,0.49951,0.499431,49.951,15.934
ubiquitin_citrate_au,metal_coord,metal_coord,A,21,,ASP,0.31495,0.3149,31.495,46.267
ubiquitin_citrate_au,metal_coord,metal_coord,A,34,,GLU,0.27613,0.276061,27.61,12.006
ubiquitin_citrate_au,metal_coord,metal_coord,A,1,,MET,0.13483,0.13483,13.485,79.028
ubiquitin_citrate_au,soft_metal_sulfur,gold,A,1,,MET,0.13483,0.13483,100.0,100.0
ubiquitin_citrate_au,phosphate,phosphate,A,20,,SER,0.79503,0.79503,100.0,41.348
ubiquitin_citrate_au,phosphate,phosphate,A,74,,ARG,0.78604,0.786028,98.868,40.88
ubiquitin_citrate_au,phosphate,phosphate,A,63,,LYS,0.67954,0.678465,85.338,40.224
ubiquitin_citrate_au,phosphate,phosphate,A,6,,LYS,0.60914,0.608176,76.497,33.416
ubiquitin_citrate_au,phosphate,phosphate,A,54,,ARG,0.57372,0.573711,72.162,29.838
ubiquitin_citrate_au,phosphate,phosphate,A,57,,SER,0.55403,0.55403,69.687,28.814
ubiquitin_citrate_au,phosphate,phosphate,A,11,,LYS,0.54725,0.546384,68.725,28.416
ubiquitin_citrate_au,phosphate,phosphate,A,48,,LYS,0.54234,0.541482,68.108,26.707
ubiquitin_citrate_au,phosphate,phosphate,A,72,,ARG,0.53154,0.531532,66.857,27.644
ubiquitin_citrate_au,phosphate,phosphate,A,33,,LYS,0.48345,0.482685,60.713,25.104
ubiquitin_citrate_au,phosphate,phosphate,A,42,,ARG,0.4439,0.443893,55.833,23.086
ubiquitin_citrate_au,phosphate,phosphate,A,29,,LYS,0.37247,0.371881,46.776,24.132
ubiquitin_citrate_au,phosphate,phosphate,A,65,,SER,0.13709,0.13709,17.243,40.224
ubiquitin_citrate_au,phosphate,phosphate,A,27,,LYS,0.09226,0.092114,11.586,22.885
ubiquitin_citrate_au,phosphate,phosphate,A,68,,HIS,0.5786,0.03434,4.319,33.416
