case_id,map_key,display_rank,pareto_front,classification,center_key,center_res_name,center_res_seq,center_chain,n_members,n_chemistry_seeds,diameter_A,chemistry_support,mean_accessibility,patch_coherence,orientation_coherence,members,seed_members
hcaii_silica_ph83,anionic,1,1,primary plausible interface,A:219:,SER,219,A,9,5,11.81110879470507,0.5555555555555556,0.47898444444444443,0.78078,0.9715134024792584,A:150:;A:151:;A:152:;A:153:;A:154:;A:217:;A:219:;A:220:;A:221:,A:152:;A:154:;A:217:;A:219:;A:220:
hcaii_silica_ph83,anionic,2,1,primary plausible interface,A:172:,LYS,172,A,10,6,13.294450240746974,0.6,0.372824,0.69178,0.9655416440480616,A:166:;A:168:;A:169:;A:170:;A:171:;A:172:;A:173:;A:174:;A:60:;A:62:,A:166:;A:168:;A:169:;A:170:;A:172:;A:173:
hcaii_silica_ph83,anionic,3,1,primary plausible interface,A:110:,ASP,110,A,8,4,11.123761636427064,0.5,0.393335,0.65069,0.9758284893381932,A:108:;A:109:;A:110:;A:111:;A:112:;A:32:;A:34:;A:35:,A:108:;A:111:;A:112:;A:35:
hcaii_silica_ph83,anionic,4,1,primary plausible interface,A:258:,ALA,258,A,11,5,13.614861287656602,0.45454545454545453,0.3174945454545454,0.57928,0.9787689219206603,A:190:;A:192:;A:193:;A:257:;A:258:;A:259:;A:260:;A:261:;A:39:;A:40:;A:41:,A:193:;A:257:;A:259:;A:261:;A:39:
hcaii_silica_ph83,anionic,5,1,primary plausible interface,A:81:,GLY,81,A,8,3,14.0679508487457,0.375,0.5911537499999999,0.57546,0.9598193365735852,A:45:;A:46:;A:48:;A:80:;A:81:;A:83:;A:85:;A:86:,A:45:;A:48:;A:80:
hcaii_silica_ph83,anionic,6,1,primary plausible interface,A:44:,LEU,44,A,8,3,11.433528019194064,0.375,0.4113675,0.5599799999999999,0.980651729727183,A:259:;A:41:;A:42:;A:43:;A:44:;A:45:;A:46:;A:83:,A:259:;A:43:;A:45:
hcaii_silica_ph83,anionic,7,1,primary plausible interface,A:225:,LYS,225,A,5,3,11.13452294137822,0.6,0.556608,0.5553,0.9772654812525489,A:221:;A:224:;A:225:;A:227:;A:228:,A:225:;A:227:;A:228:
hcaii_silica_ph83,anionic,8,1,primary plausible interface,A:37:,THR,37,A,5,4,10.057637722892133,0.8,0.612682,0.5103300000000001,0.986029287002811,A:34:;A:35:;A:36:;A:37:;A:39:,A:35:;A:36:;A:37:;A:39:
hcaii_silica_ph83,anionic,9,1,primary plausible interface,A:180:,ASP,180,A,6,2,14.016343110723467,0.3333333333333333,0.6293833333333333,0.27643,0.9493459342216557,A:178:;A:180:;A:182:;A:183:;A:52:;A:55:,A:182:;A:55:
hcaii_silica_ph83,anionic,10,2,alternative interface,A:113:,LYS,113,A,8,4,13.128821496767483,0.5,0.44514000000000004,0.57023,0.9532398782709661,A:102:;A:103:;A:108:;A:109:;A:111:;A:112:;A:113:;A:114:,A:108:;A:111:;A:112:;A:113:
hcaii_silica_ph83,anionic,11,2,alternative interface,A:87:,THR,87,A,8,5,13.085845969058449,0.625,0.446375,0.49282,0.9591825190015789,A:125:;A:127:;A:78:;A:80:;A:85:;A:86:;A:87:;A:89:,A:125:;A:127:;A:80:;A:87:;A:89:
hcaii_silica_ph83,anionic,12,2,alternative interface,A:49:,VAL,49,A,5,3,8.392556651376909,0.6,0.29919599999999996,0.48946,0.9745681038428873,A:48:;A:49:;A:50:;A:78:;A:80:,A:48:;A:50:;A:80:
hcaii_silica_ph83,anionic,13,2,alternative interface,A:165:,ASP,165,A,5,2,11.517599090241347,0.4,0.557516,0.47213,0.9767268284015665,A:162:;A:163:;A:165:;A:166:;A:168:,A:166:;A:168:
hcaii_silica_ph83,anionic,14,2,alternative interface,A:128:,TYR,128,A,7,3,10.378355690025046,0.42857142857142855,0.48187714285714284,0.41362000000000004,0.9798156876749103,A:125:;A:127:;A:128:;A:129:;A:130:;A:131:;A:133:,A:125:;A:127:;A:133:
hcaii_silica_ph83,anionic,15,2,alternative interface,A:23:,ALA,23,A,7,2,9.86238656502899,0.2857142857142857,0.4145285714285714,0.36109,0.9822938350235628,A:17:;A:20:;A:21:;A:22:;A:23:;A:24:;A:25:,A:17:;A:24:
hcaii_silica_ph83,anionic,16,2,alternative interface,A:233:,GLY,233,A,9,2,12.37906635983168,0.2222222222222222,0.47380777777777777,0.33094,0.9849793502254297,A:169:;A:170:;A:171:;A:230:;A:231:;A:233:;A:234:;A:235:;A:236:,A:169:;A:170:
hcaii_silica_ph83,anionic,17,2,alternative interface,A:74:,GLN,74,A,6,2,9.293219230538739,0.3333333333333333,0.47066333333333327,0.32187,0.9817095656588212,A:71:;A:72:;A:73:;A:74:;A:75:;A:76:,A:73:;A:76:
hcaii_silica_ph83,anionic,18,2,alternative interface,A:185:,LEU,185,A,4,1,10.386151682772436,0.25,0.58914,0.24431,0.9666308170203057,A:182:;A:183:;A:185:;A:187:,A:182:
hcaii_silica_ph83,anionic,19,2,alternative interface,A:11:,ASN,11,A,11,5,13.438216693870062,0.45454545454545453,0.5591436363636364,0.24155000000000001,0.9688168505495954,A:10:;A:11:;A:13:;A:14:;A:15:;A:3:;A:4:;A:5:;A:6:;A:8:;A:9:,A:10:;A:15:;A:3:;A:4:;A:9:
hcaii_silica_ph83,anionic,20,2,alternative interface,A:132:,GLY,132,A,6,1,10.6984249759615,0.16666666666666666,0.5328266666666667,0.17898,0.9768980688125353,A:130:;A:131:;A:132:;A:133:;A:135:;A:136:,A:133:
hcaii_silica_ph83,anionic,21,2,alternative interface,A:18:,LYS,18,A,6,3,10.031637256711026,0.5,0.5143833333333333,0.17589,0.9846200010080781,A:15:;A:17:;A:18:;A:19:;A:20:;A:21:,A:15:;A:17:;A:18:
hcaii_silica_ph83,anionic,22,2,alternative interface,A:253:,ASN,253,A,5,1,12.435743864091732,0.2,0.604138,0.16369,0.9750704444284792,A:251:;A:252:;A:253:;A:255:;A:26:,A:252:
hcaii_silica_ph83,anionic,23,2,alternative interface,A:53:,GLN,53,A,5,3,12.11248012696525,0.6,0.519458,0.14156000000000002,0.9695855566026821,A:50:;A:52:;A:53:;A:55:;A:76:,A:50:;A:55:;A:76:
hcaii_silica_ph83,anionic,24,2,alternative interface,A:100:,LEU,100,A,5,1,8.636601381863686,0.2,0.5818,0.10759,0.9799137997124686,A:100:;A:101:;A:102:;A:103:;A:99:,A:99:
hcaii_silica_ph83,anionic,25,3,alternative interface,A:57:,LEU,57,A,9,3,12.605764826529912,0.3333333333333333,0.5184377777777778,0.43218,0.9656855294778882,A:175:;A:176:;A:177:;A:178:;A:55:;A:57:;A:58:;A:69:;A:71:,A:177:;A:55:;A:58:
hcaii_silica_ph83,anionic,26,3,alternative interface,A:158:,GLN,158,A,6,2,12.83557259947193,0.3333333333333333,0.5450833333333334,0.2652,0.9650698719850389,A:154:;A:155:;A:156:;A:158:;A:159:;A:162:,A:154:;A:159:
hcaii_silica_ph83,anionic,27,3,alternative interface,A:242:,VAL,242,A,5,2,9.295411695845065,0.4,0.32179800000000003,0.25798,0.9721201426944296,A:227:;A:240:;A:242:;A:243:;A:99:,A:227:;A:99:
hcaii_silica_ph83,anionic,28,3,alternative interface,A:250:,PRO,250,A,5,1,11.985248923573224,0.2,0.32614,0.16369,0.9793413616527689,A:248:;A:249:;A:250:;A:251:;A:252:,A:252:
hcaii_silica_ph83,anionic,29,3,alternative interface,A:188:,SER,188,A,5,1,9.435920388342426,0.2,0.500406,0.15202,0.9720913654601276,A:187:;A:188:;A:189:;A:190:;A:214:,A:188:
hcaii_silica_ph83,anionic,30,3,alternative interface,A:195:,PRO,195,A,5,3,14.39154293951881,0.6,0.246762,0.14022,0.9226635961832321,A:193:;A:195:;A:205:;A:208:;A:27:,A:193:;A:208:;A:27:
hcaii_silica_ph83,anionic,31,3,alternative interface,A:200:,THR,200,A,3,1,7.233455544792194,0.3333333333333333,0.3241233333333333,0.07676999999999999,0.9672207279341408,A:198:;A:200:;A:202:,A:200:
hcaii_silica_ph83,anionic,32,4,alternative interface,A:149:,LYS,149,A,6,2,11.700652634703333,0.3333333333333333,0.32648666666666665,0.40402,0.9601303006032927,A:114:;A:149:;A:150:;A:151:;A:215:;A:217:,A:149:;A:217:
hcaii_silica_ph83,anionic,33,5,alternative interface,A:213:,LYS,213,A,6,1,12.869223338785316,0.16666666666666666,0.31109,0.18459,0.9390389005475319,A:189:;A:190:;A:192:;A:213:;A:214:;A:215:,A:213:
hcaii_silica_ph83,anionic,34,5,alternative interface,A:64:,HIS,64,A,4,1,11.481630527903212,0.25,0.26572999999999997,0.0026,0.955851446363534,A:231:;A:62:;A:64:;A:6:,A:64:
hcaii_silica_ph83,anionic,35,6,alternative interface,A:67:,ASN,67,A,6,1,12.476918792198635,0.16666666666666666,0.23050666666666664,0.00135,0.9234902896658578,A:60:;A:62:;A:67:;A:69:;A:92:;A:94:,A:94:
hcaii_silica_ph83,cationic,1,1,primary plausible interface,A:76:,LYS,76,A,11,8,14.267773937350396,0.7272727272727273,0.4361427272727273,0.8365,0.9501792946971791,A:50:;A:52:;A:53:;A:55:;A:71:;A:72:;A:74:;A:75:;A:76:;A:78:;A:89:,A:50:;A:52:;A:53:;A:55:;A:71:;A:72:;A:74:;A:75:
hcaii_silica_ph83,cationic,2,1,primary plausible interface,A:73:,SER,73,A,5,5,9.293219230538739,1.0,0.509496,0.6483199999999999,0.985023009790747,A:71:;A:72:;A:73:;A:74:;A:75:,A:71:;A:72:;A:73:;A:74:;A:75:
hcaii_silica_ph83,cationic,3,1,primary plausible interface,A:177:,THR,177,A,7,4,11.867653104826406,0.5714285714285714,0.5741157142857143,0.61497,0.973677199404951,A:175:;A:176:;A:177:;A:178:;A:55:;A:57:;A:58:,A:175:;A:177:;A:178:;A:55:
hcaii_silica_ph83,cationic,4,1,primary plausible interface,A:236:,GLU,236,A,6,3,8.61398721162425,0.5,0.662755,0.54627,0.9899601946658436,A:233:;A:234:;A:235:;A:236:;A:237:;A:238:,A:234:;A:236:;A:238:
hcaii_silica_ph83,cationic,5,1,primary plausible interface,A:239:,GLU,239,A,6,3,9.836008887140512,0.5,0.46993,0.40256000000000003,0.992908235547198,A:230:;A:231:;A:237:;A:238:;A:239:;A:240:,A:230:;A:238:;A:239:
hcaii_silica_ph83,cationic,6,1,primary plausible interface,A:162:,ASP,162,A,5,3,12.697729315630333,0.6,0.5900679999999999,0.28074,0.970318146607045,A:158:;A:159:;A:162:;A:163:;A:165:,A:158:;A:162:;A:165:
hcaii_silica_ph83,cationic,7,1,primary plausible interface,A:43:,SER,43,A,5,2,9.24344208900434,0.4,0.47314799999999996,0.22477,0.9904216492244792,A:41:;A:42:;A:43:;A:44:;A:45:,A:41:;A:43:
hcaii_silica_ph83,cationic,8,1,primary plausible interface,A:180:,ASP,180,A,6,4,14.016343110723467,0.6666666666666666,0.6293833333333333,0.20697,0.9493459342216557,A:178:;A:180:;A:182:;A:183:;A:52:;A:55:,A:178:;A:180:;A:52:;A:55:
hcaii_silica_ph83,cationic,9,1,primary plausible interface,A:19:,ASP,19,A,5,1,6.265243853939093,0.2,0.5532920000000001,0.15839999999999999,0.9915964851086625,A:17:;A:18:;A:19:;A:20:;A:21:,A:19:
hcaii_silica_ph83,cationic,10,1,primary plausible interface,A:9:,LYS,9,A,4,1,5.87867176576279,0.25,0.7339325,0.15833,0.9932610630202131,A:10:;A:11:;A:8:;A:9:,A:11:
hcaii_silica_ph83,cationic,11,2,alternative interface,A:220:,SER,220,A,7,3,12.700703841435601,0.42857142857142855,0.4875457142857143,0.61068,0.9686021533177241,A:150:;A:151:;A:153:;A:219:;A:220:;A:221:;A:224:,A:219:;A:220:;A:221:
hcaii_silica_ph83,cationic,12,2,alternative interface,A:34:,ASP,34,A,8,5,13.138060762910925,0.625,0.5029725,0.47491999999999995,0.975600955060752,A:109:;A:110:;A:111:;A:32:;A:34:;A:35:;A:36:;A:37:,A:110:;A:32:;A:34:;A:35:;A:37:
hcaii_silica_ph83,cationic,13,2,alternative interface,A:188:,SER,188,A,5,4,9.435920388342426,0.8,0.500406,0.44344,0.9720913654601276,A:187:;A:188:;A:189:;A:190:;A:214:,A:187:;A:188:;A:190:;A:214:
hcaii_silica_ph83,cationic,14,2,alternative interface,A:252:,LYS,252,A,6,2,9.135074173293983,0.3333333333333333,0.529235,0.40768,0.9805022925844099,A:250:;A:251:;A:252:;A:253:;A:26:;A:27:,A:253:;A:26:
hcaii_silica_ph83,cationic,15,2,alternative interface,A:152:,SER,152,A,7,3,9.846817527762402,0.42857142857142855,0.4223071428571429,0.39047,0.9801638141504766,A:150:;A:151:;A:152:;A:153:;A:154:;A:217:;A:219:,A:152:;A:217:;A:219:
hcaii_silica_ph83,cationic,16,2,alternative interface,A:130:,ASP,130,A,7,3,11.36821617132609,0.42857142857142855,0.5018485714285714,0.32789,0.9780169559568894,A:125:;A:128:;A:129:;A:130:;A:131:;A:132:;A:133:,A:125:;A:128:;A:130:
hcaii_silica_ph83,cationic,17,2,alternative interface,A:255:,GLN,255,A,5,2,14.180214282782805,0.4,0.5818019999999999,0.2322,0.9565750440190066,A:251:;A:253:;A:255:;A:257:;A:39:,A:253:;A:255:
hcaii_silica_ph83,cationic,18,2,alternative interface,A:156:,GLY,156,A,6,1,10.486145812275957,0.16666666666666666,0.54254,0.17449,0.9676941105553257,A:154:;A:155:;A:156:;A:158:;A:159:;A:183:,A:158:
hcaii_silica_ph83,cationic,19,3,alternative interface,A:166:,SER,166,A,7,3,11.400720360559072,0.42857142857142855,0.43887,0.55359,0.9672020206012637,A:163:;A:165:;A:166:;A:168:;A:172:;A:173:;A:174:,A:165:;A:166:;A:173:
hcaii_silica_ph83,cationic,20,3,alternative interface,A:137:,GLN,137,A,7,4,13.1332266942985,0.5714285714285714,0.4647485714285714,0.42332000000000003,0.9619918028089703,A:133:;A:135:;A:136:;A:137:;A:138:;A:139:;A:205:,A:136:;A:137:;A:139:;A:205:
hcaii_silica_ph83,cationic,21,3,alternative interface,A:259:,SER,259,A,13,4,13.65507379600089,0.3076923076923077,0.37277000000000005,0.39627,0.9696709137756998,A:190:;A:192:;A:257:;A:258:;A:259:;A:260:;A:261:;A:40:;A:41:;A:42:;A:44:;A:45:;A:46:,A:190:;A:259:;A:40:;A:41:
hcaii_silica_ph83,cationic,22,3,alternative interface,A:169:,THR,169,A,9,3,11.205339826215862,0.3333333333333333,0.38832333333333335,0.38933,0.9764269239601674,A:168:;A:169:;A:170:;A:171:;A:172:;A:230:;A:231:;A:233:;A:234:,A:169:;A:230:;A:234:
hcaii_silica_ph83,cationic,23,3,alternative interface,A:85:,ASP,85,A,6,2,11.425253824136254,0.3333333333333333,0.50973,0.37167,0.971355549481906,A:80:;A:81:;A:83:;A:85:;A:86:;A:87:,A:85:;A:87:
hcaii_silica_ph83,cationic,24,3,alternative interface,A:103:,GLN,103,A,8,5,12.712230705350606,0.625,0.47977625,0.35575,0.9470977845805235,A:100:;A:101:;A:102:;A:103:;A:113:;A:114:;A:243:;A:99:,A:101:;A:103:;A:114:;A:243:;A:99:
hcaii_silica_ph83,cationic,25,3,alternative interface,A:15:,HIS,15,A,8,2,12.963633265476984,0.25,0.43526,0.34989,0.9714850857517966,A:10:;A:11:;A:13:;A:14:;A:15:;A:17:;A:18:;A:5:,A:11:;A:14:
hcaii_silica_ph83,cationic,26,3,alternative interface,A:242:,VAL,242,A,5,2,9.295411695845065,0.4,0.32179800000000003,0.28423,0.9721201426944296,A:227:;A:240:;A:242:;A:243:;A:99:,A:243:;A:99:
hcaii_silica_ph83,cationic,27,3,alternative interface,A:112:,LYS,112,A,7,3,11.460601512414259,0.42857142857142855,0.3861514285714286,0.22565000000000002,0.9730343742784058,A:108:;A:109:;A:110:;A:111:;A:112:;A:113:;A:114:,A:108:;A:110:;A:114:
hcaii_silica_ph83,cationic,28,3,alternative interface,A:25:,GLY,25,A,7,1,12.576394291359644,0.14285714285714285,0.4620428571428571,0.21884,0.9740869922193928,A:21:;A:22:;A:23:;A:24:;A:25:;A:26:;A:27:,A:26:
hcaii_silica_ph83,cationic,29,3,alternative interface,A:49:,VAL,49,A,5,2,8.392556651376909,0.4,0.29919599999999996,0.19515999999999997,0.9745681038428873,A:48:;A:49:;A:50:;A:78:;A:80:,A:48:;A:50:
hcaii_silica_ph83,cationic,30,3,alternative interface,A:127:,LYS,127,A,6,3,12.496802068794498,0.5,0.47032499999999994,0.17401,0.9725926528078324,A:125:;A:127:;A:128:;A:129:;A:86:;A:87:,A:125:;A:128:;A:87:
hcaii_silica_ph83,cationic,31,3,alternative interface,A:94:,HIS,94,A,3,2,6.871779072637496,0.6666666666666666,0.20648666666666668,0.08458,0.9330678447433766,A:67:;A:92:;A:94:,A:67:;A:92:
hcaii_silica_ph83,cationic,32,4,alternative interface,A:60:,LEU,60,A,9,4,14.137011372475301,0.4444444444444444,0.3477622222222222,0.31128,0.9572656385153626,A:171:;A:172:;A:173:;A:174:;A:58:;A:60:;A:62:;A:67:;A:69:,A:173:;A:62:;A:67:;A:69:
hcaii_silica_ph83,cationic,33,4,alternative interface,A:91:,ILE,91,A,7,4,12.657530250919432,0.5714285714285714,0.2522842857142857,0.25523,0.9555410866945103,A:121:;A:69:;A:71:;A:72:;A:89:;A:91:;A:92:,A:69:;A:71:;A:72:;A:92:
hcaii_silica_ph83,cationic,34,4,alternative interface,A:149:,LYS,149,A,6,2,11.700652634703333,0.3333333333333333,0.32648666666666665,0.18158000000000002,0.9601303006032927,A:114:;A:149:;A:150:;A:151:;A:215:;A:217:,A:114:;A:217:
hcaii_silica_ph83,cationic,35,4,alternative interface,A:6:,GLY,6,A,7,1,12.454651938988535,0.14285714285714285,0.40969285714285714,0.13242,0.9612793515500888,A:11:;A:13:;A:4:;A:5:;A:64:;A:6:;A:8:,A:11:
hcaii_silica_ph83,cationic,36,4,alternative interface,A:248:,ALA,248,A,6,3,12.527814197417054,0.5,0.3034833333333334,0.11898999999999998,0.9495186916919289,A:108:;A:247:;A:248:;A:249:;A:250:;A:32:,A:108:;A:249:;A:32:
hcaii_silica_ph83,cationic,37,4,alternative interface,A:195:,PRO,195,A,5,3,14.39154293951881,0.6,0.246762,0.11096,0.9226635961832321,A:193:;A:195:;A:205:;A:208:;A:27:,A:193:;A:205:;A:208:
hcaii_silica_ph83,cationic,38,5,alternative interface,A:213:,LYS,213,A,6,2,12.869223338785316,0.3333333333333333,0.31109,0.24142,0.9390389005475319,A:189:;A:190:;A:192:;A:213:;A:214:;A:215:,A:190:;A:214:
hcaii_silica_ph83,cationic,39,5,alternative interface,A:245:,TRP,245,A,3,1,10.221873633529173,0.3333333333333333,0.33402,0.13492,0.9510151778250238,A:243:;A:245:;A:247:,A:243:
hcaii_silica_ph83,cationic,40,5,alternative interface,A:198:,LEU,198,A,5,2,11.1477301104778,0.4,0.317088,0.10191,0.9518208261767327,A:198:;A:200:;A:202:;A:204:;A:205:,A:200:;A:205:
hcaii_silica_ph83,hydrophobic,1,1,primary plausible interface,A:23:,ALA,23,A,7,4,9.86238656502899,0.5714285714285714,0.4145285714285714,1.0,0.9822938350235628,A:17:;A:20:;A:21:;A:22:;A:23:;A:24:;A:25:,A:20:;A:21:;A:22:;A:23:
hcaii_silica_ph83,hydrophobic,2,1,primary plausible interface,A:204:,LEU,204,A,7,5,13.73082863988528,0.7142857142857143,0.3645185714285714,0.75788,0.9524411376341558,A:135:;A:136:;A:198:;A:202:;A:204:;A:205:;A:22:,A:135:;A:198:;A:202:;A:204:;A:22:
hcaii_silica_ph83,hydrophobic,3,1,primary plausible interface,A:45:,LYS,45,A,8,4,13.437160410156185,0.5,0.4375775,0.57284,0.9765791733018327,A:259:;A:42:;A:43:;A:44:;A:45:;A:46:;A:81:;A:83:,A:42:;A:44:;A:46:;A:83:
hcaii_silica_ph83,hydrophobic,4,1,primary plausible interface,A:238:,GLU,238,A,7,3,11.699664150592078,0.42857142857142855,0.49601428571428574,0.55476,0.9910982169231897,A:230:;A:231:;A:236:;A:237:;A:238:;A:239:;A:240:,A:231:;A:237:;A:240:
hcaii_silica_ph83,hydrophobic,5,1,primary plausible interface,A:249:,GLN,249,A,6,4,12.416403827157882,0.6666666666666666,0.3317083333333333,0.5443399999999999,0.9608503126814084,A:247:;A:248:;A:249:;A:250:;A:251:;A:32:,A:247:;A:248:;A:250:;A:251:
hcaii_silica_ph83,hydrophobic,6,1,primary plausible interface,A:221:,GLU,221,A,5,1,10.250137198017713,0.2,0.520828,0.39993,0.977526194854568,A:219:;A:220:;A:221:;A:224:;A:225:,A:224:
hcaii_silica_ph83,hydrophobic,7,1,primary plausible interface,A:176:,PHE,176,A,7,3,12.96477503987849,0.42857142857142855,0.5395885714285714,0.39346,0.9759865164723177,A:174:;A:175:;A:176:;A:177:;A:178:;A:57:;A:58:,A:174:;A:176:;A:57:
hcaii_silica_ph83,hydrophobic,8,1,primary plausible interface,A:252:,LYS,252,A,6,2,9.135074173293983,0.3333333333333333,0.529235,0.32382,0.9805022925844099,A:250:;A:251:;A:252:;A:253:;A:26:;A:27:,A:250:;A:251:
hcaii_silica_ph83,hydrophobic,9,1,primary plausible interface,A:19:,ASP,19,A,5,2,6.265243853939093,0.4,0.5532920000000001,0.23068000000000002,0.9915964851086625,A:17:;A:18:;A:19:;A:20:;A:21:,A:20:;A:21:
hcaii_silica_ph83,hydrophobic,10,1,primary plausible interface,A:200:,THR,200,A,3,2,7.233455544792194,0.6666666666666666,0.3241233333333333,0.16116,0.9672207279341408,A:198:;A:200:;A:202:,A:198:;A:202:
hcaii_silica_ph83,hydrophobic,11,1,primary plausible interface,A:261:,LYS,261,A,5,2,7.227002160154186,0.4,0.308562,0.12722,0.9919451144810227,A:258:;A:259:;A:260:;A:261:;A:40:,A:258:;A:260:
hcaii_silica_ph83,hydrophobic,12,1,primary plausible interface,A:4:,HIS,4,A,5,1,9.174781513888549,0.2,0.518628,0.056760000000000005,0.9918473387602829,A:11:;A:3:;A:4:;A:5:;A:6:,A:5:
hcaii_silica_ph83,hydrophobic,13,2,alternative interface,A:99:,SER,99,A,7,2,12.638244161643321,0.2857142857142857,0.38473428571428575,0.64169,0.9513202232345994,A:100:;A:101:;A:103:;A:227:;A:242:;A:243:;A:99:,A:100:;A:242:
hcaii_silica_ph83,hydrophobic,14,2,alternative interface,A:154:,LYS,154,A,8,2,12.421331088603404,0.25,0.47874500000000003,0.50996,0.9621269838220734,A:152:;A:153:;A:154:;A:155:;A:156:;A:158:;A:217:;A:219:,A:153:;A:155:
hcaii_silica_ph83,hydrophobic,15,2,alternative interface,A:137:,GLN,137,A,7,2,13.1332266942985,0.2857142857142857,0.4647485714285714,0.47027,0.9619918028089703,A:133:;A:135:;A:136:;A:137:;A:138:;A:139:;A:205:,A:135:;A:138:
hcaii_silica_ph83,hydrophobic,16,2,alternative interface,A:69:,GLU,69,A,8,3,14.278027623506002,0.375,0.31359125,0.44543999999999995,0.9404744207849717,A:57:;A:58:;A:60:;A:67:;A:69:;A:71:;A:91:;A:92:,A:57:;A:60:;A:91:
hcaii_silica_ph83,hydrophobic,17,2,alternative interface,A:41:,ASP,41,A,10,4,11.336937071715615,0.4,0.34852400000000006,0.39419,0.981491998149965,A:257:;A:258:;A:259:;A:260:;A:39:;A:40:;A:41:;A:42:;A:43:;A:44:,A:258:;A:260:;A:42:;A:44:
hcaii_silica_ph83,hydrophobic,18,2,alternative interface,A:102:,GLY,102,A,6,1,11.007482196190013,0.16666666666666666,0.5235033333333333,0.30222,0.97189018155623,A:100:;A:101:;A:102:;A:103:;A:113:;A:114:,A:100:
hcaii_silica_ph83,hydrophobic,19,2,alternative interface,A:131:,PHE,131,A,7,2,11.089323732234021,0.2857142857142857,0.4929928571428572,0.28195,0.9795979325369425,A:128:;A:129:;A:130:;A:131:;A:132:;A:133:;A:135:,A:131:;A:135:
hcaii_silica_ph83,hydrophobic,20,2,alternative interface,A:190:,ASP,190,A,10,5,14.752928010227636,0.5,0.309462,0.23876,0.9473213592465859,A:188:;A:189:;A:190:;A:192:;A:213:;A:214:;A:258:;A:259:;A:260:;A:46:,A:189:;A:192:;A:258:;A:260:;A:46:
hcaii_silica_ph83,hydrophobic,21,2,alternative interface,A:245:,TRP,245,A,3,2,10.221873633529173,0.6666666666666666,0.33402,0.14740999999999999,0.9510151778250238,A:243:;A:245:;A:247:,A:245:;A:247:
hcaii_silica_ph83,hydrophobic,22,2,alternative interface,A:121:,VAL,121,A,3,2,5.973637073979081,0.6666666666666666,0.18912333333333334,0.13256,0.9659582606767981,A:121:;A:91:;A:92:,A:121:;A:91:
hcaii_silica_ph83,hydrophobic,23,2,alternative interface,A:163:,VAL,163,A,6,2,12.490432423646835,0.3333333333333333,0.5324266666666667,0.12514,0.9636751249338561,A:159:;A:162:;A:163:;A:165:;A:166:;A:174:,A:163:;A:174:
hcaii_silica_ph83,hydrophobic,24,2,alternative interface,A:13:,PRO,13,A,7,3,15.006768202879401,0.42857142857142855,0.33594571428571435,0.10182000000000001,0.9512631680983483,A:11:;A:13:;A:14:;A:15:;A:247:;A:5:;A:6:,A:13:;A:247:;A:5:
hcaii_silica_ph83,hydrophobic,25,3,alternative interface,A:208:,THR,208,A,4,1,12.962122706920017,0.25,0.31616500000000003,0.29142,0.9463583498813707,A:139:;A:193:;A:195:;A:208:,A:195:
hcaii_silica_ph83,hydrophobic,26,3,alternative interface,A:173:,SER,173,A,8,2,13.426740310356838,0.25,0.48603125,0.16634000000000002,0.967201565237984,A:166:;A:171:;A:172:;A:173:;A:174:;A:175:;A:58:;A:60:,A:174:;A:60:
hcaii_silica_ph83,hydrophobic,27,3,alternative interface,A:150:,VAL,150,A,8,1,13.733826856634778,0.125,0.46593874999999996,0.13986,0.9679349097374541,A:101:;A:149:;A:150:;A:151:;A:152:;A:217:;A:219:;A:220:,A:150:
hcaii_silica_ph83,hydrophobic,28,3,alternative interface,A:183:,GLY,183,A,6,2,11.739749665357238,0.3333333333333333,0.521015,0.11341,0.9556429856445775,A:155:;A:156:;A:180:;A:182:;A:183:;A:185:,A:155:;A:185:
hcaii_silica_ph83,hydrophobic,29,3,alternative interface,A:72:,ASP,72,A,8,1,10.721327124882519,0.125,0.4091675,0.10221999999999999,0.9792134856528821,A:71:;A:72:;A:73:;A:74:;A:75:;A:76:;A:89:;A:91:,A:91:
hcaii_silica_ph83,hydrophobic,30,3,alternative interface,A:50:,SER,50,A,7,2,13.986487594084622,0.2857142857142857,0.4055514285714285,0.052009999999999994,0.9592038366704561,A:48:;A:49:;A:50:;A:52:;A:53:;A:76:;A:78:,A:49:;A:78:
hcaii_silica_ph83,hydrophobic,31,4,alternative interface,A:62:,ASN,62,A,7,1,12.324562776043615,0.14285714285714285,0.3796585714285715,0.16116,0.9624867556707638,A:170:;A:171:;A:172:;A:60:;A:62:;A:64:;A:67:,A:60:
hcaii_silica_ph83,hydrophobic,32,4,alternative interface,A:215:,PRO,215,A,5,1,13.019241898774588,0.2,0.34715,0.14396,0.9380211520708519,A:149:;A:213:;A:214:;A:215:;A:217:,A:215:
hcaii_silica_ph83,hydrophobic,33,4,alternative interface,A:108:,THR,108,A,9,2,13.002748749421785,0.2222222222222222,0.35786333333333337,0.11042,0.9501821766476022,A:108:;A:109:;A:110:;A:111:;A:112:;A:113:;A:114:;A:248:;A:32:,A:109:;A:248:
hcaii_silica_ph83,pi_carbon,1,1,primary plausible interface,A:11:,ASN,11,A,11,6,13.438216693870062,0.5454545454545454,0.5591436363636364,0.91181,0.9688168505495954,A:10:;A:11:;A:13:;A:14:;A:15:;A:3:;A:4:;A:5:;A:6:;A:8:;A:9:,A:10:;A:15:;A:3:;A:4:;A:5:;A:9:
hcaii_silica_ph83,pi_carbon,2,1,primary plausible interface,A:40:,TYR,40,A,9,5,10.412166341104376,0.5555555555555556,0.37938666666666665,0.63589,0.9846629853654252,A:257:;A:258:;A:259:;A:260:;A:261:;A:39:;A:40:;A:41:;A:42:,A:257:;A:260:;A:261:;A:39:;A:40:
hcaii_silica_ph83,pi_carbon,3,1,primary plausible interface,A:17:,HIS,17,A,10,5,12.632863134778002,0.5,0.47538,0.59502,0.9702097376630858,A:14:;A:15:;A:17:;A:18:;A:19:;A:20:;A:21:;A:22:;A:23:;A:24:,A:15:;A:17:;A:18:;A:20:;A:24:
hcaii_silica_ph83,pi_carbon,4,1,primary plausible interface,A:110:,ASP,110,A,8,2,11.123761636427064,0.25,0.393335,0.57446,0.9758284893381932,A:108:;A:109:;A:110:;A:111:;A:112:;A:32:;A:34:;A:35:,A:111:;A:112:
hcaii_silica_ph83,pi_carbon,5,1,primary plausible interface,A:228:,LYS,228,A,7,4,13.484663164962944,0.5714285714285714,0.42152142857142855,0.45724,0.9573326592789605,A:168:;A:224:;A:225:;A:227:;A:228:;A:230:;A:240:,A:168:;A:225:;A:227:;A:228:
hcaii_silica_ph83,pi_carbon,6,1,primary plausible interface,A:128:,TYR,128,A,7,4,10.378355690025046,0.5714285714285714,0.48187714285714284,0.4549,0.9798156876749103,A:125:;A:127:;A:128:;A:129:;A:130:;A:131:;A:133:,A:127:;A:128:;A:131:;A:133:
hcaii_silica_ph83,pi_carbon,7,1,primary plausible interface,A:37:,THR,37,A,5,2,10.057637722892133,0.4,0.612682,0.35729,0.986029287002811,A:34:;A:35:;A:36:;A:37:;A:39:,A:36:;A:39:
hcaii_silica_ph83,pi_carbon,8,1,primary plausible interface,A:239:,GLU,239,A,6,1,9.836008887140512,0.16666666666666666,0.46993,0.04903,0.992908235547198,A:230:;A:231:;A:237:;A:238:;A:239:;A:240:,A:231:
hcaii_silica_ph83,pi_carbon,9,2,alternative interface,A:113:,LYS,113,A,8,4,13.128821496767483,0.5,0.44514000000000004,0.48384,0.9532398782709661,A:102:;A:103:;A:108:;A:109:;A:111:;A:112:;A:113:;A:114:,A:111:;A:112:;A:113:;A:114:
hcaii_silica_ph83,pi_carbon,10,2,alternative interface,A:169:,THR,169,A,9,4,11.205339826215862,0.4444444444444444,0.38832333333333335,0.39411999999999997,0.9764269239601674,A:168:;A:169:;A:170:;A:171:;A:172:;A:230:;A:231:;A:233:;A:234:,A:168:;A:170:;A:172:;A:231:
hcaii_silica_ph83,pi_carbon,11,2,alternative interface,A:132:,GLY,132,A,6,2,10.6984249759615,0.3333333333333333,0.5328266666666667,0.30968,0.9768980688125353,A:130:;A:131:;A:132:;A:133:;A:135:;A:136:,A:131:;A:133:
hcaii_silica_ph83,pi_carbon,12,2,alternative interface,A:44:,LEU,44,A,8,1,11.433528019194064,0.125,0.4113675,0.29174,0.980651729727183,A:259:;A:41:;A:42:;A:43:;A:44:;A:45:;A:46:;A:83:,A:45:
hcaii_silica_ph83,pi_carbon,13,2,alternative interface,A:81:,GLY,81,A,8,2,14.0679508487457,0.25,0.5911537499999999,0.28642,0.9598193365735852,A:45:;A:46:;A:48:;A:80:;A:81:;A:83:;A:85:;A:86:,A:45:;A:80:
hcaii_silica_ph83,pi_carbon,14,2,alternative interface,A:162:,ASP,162,A,5,1,12.697729315630333,0.2,0.5900679999999999,0.2697,0.970318146607045,A:158:;A:159:;A:162:;A:163:;A:165:,A:159:
hcaii_silica_ph83,pi_carbon,15,2,alternative interface,A:87:,THR,87,A,8,3,13.085845969058449,0.375,0.446375,0.17283,0.9591825190015789,A:125:;A:127:;A:78:;A:80:;A:85:;A:86:;A:87:;A:89:,A:127:;A:80:;A:89:
hcaii_silica_ph83,pi_carbon,16,2,alternative interface,A:250:,PRO,250,A,5,1,11.985248923573224,0.2,0.32614,0.13595000000000002,0.9793413616527689,A:248:;A:249:;A:250:;A:251:;A:252:,A:252:
hcaii_silica_ph83,pi_carbon,17,2,alternative interface,A:253:,ASN,253,A,5,1,12.435743864091732,0.2,0.604138,0.13595000000000002,0.9750704444284792,A:251:;A:252:;A:253:;A:255:;A:26:,A:252:
hcaii_silica_ph83,pi_carbon,18,2,alternative interface,A:176:,PHE,176,A,7,2,12.96477503987849,0.2857142857142857,0.5395885714285714,0.13167,0.9759865164723177,A:174:;A:175:;A:176:;A:177:;A:178:;A:57:;A:58:,A:176:;A:58:
hcaii_silica_ph83,pi_carbon,19,2,alternative interface,A:74:,GLN,74,A,6,1,9.293219230538739,0.16666666666666666,0.47066333333333327,0.11406000000000001,0.9817095656588212,A:71:;A:72:;A:73:;A:74:;A:75:;A:76:,A:76:
hcaii_silica_ph83,pi_carbon,20,3,alternative interface,A:62:,ASN,62,A,7,3,12.324562776043615,0.42857142857142855,0.3796585714285715,0.34119,0.9624867556707638,A:170:;A:171:;A:172:;A:60:;A:62:;A:64:;A:67:,A:170:;A:172:;A:64:
hcaii_silica_ph83,pi_carbon,21,3,alternative interface,A:25:,GLY,25,A,7,2,12.576394291359644,0.2857142857142857,0.4620428571428571,0.2366,0.9740869922193928,A:21:;A:22:;A:23:;A:24:;A:25:;A:26:;A:27:,A:24:;A:27:
hcaii_silica_ph83,pi_carbon,22,3,alternative interface,A:183:,GLY,183,A,6,1,11.739749665357238,0.16666666666666666,0.521015,0.20207999999999998,0.9556429856445775,A:155:;A:156:;A:180:;A:182:;A:183:;A:185:,A:182:
hcaii_silica_ph83,pi_carbon,23,3,alternative interface,A:192:,TRP,192,A,7,3,12.043629817234374,0.42857142857142855,0.22059142857142855,0.18379,0.9630981048464919,A:190:;A:192:;A:193:;A:213:;A:257:;A:258:;A:259:,A:192:;A:213:;A:257:
hcaii_silica_ph83,pi_carbon,24,3,alternative interface,A:173:,SER,173,A,8,2,13.426740310356838,0.25,0.48603125,0.17926999999999998,0.967201565237984,A:166:;A:171:;A:172:;A:173:;A:174:;A:175:;A:58:;A:60:,A:172:;A:58:
hcaii_silica_ph83,pi_carbon,25,3,alternative interface,A:53:,GLN,53,A,5,1,12.11248012696525,0.2,0.519458,0.07032,0.9695855566026821,A:50:;A:52:;A:53:;A:55:;A:76:,A:76:
hcaii_silica_ph83,pi_carbon,26,4,alternative interface,A:217:,SER,217,A,9,2,13.034169832174195,0.2222222222222222,0.40778666666666674,0.1937,0.9638708867999402,A:149:;A:150:;A:151:;A:152:;A:153:;A:154:;A:215:;A:217:;A:219:,A:149:;A:154:
hcaii_silica_ph83,pi_carbon,27,4,alternative interface,A:214:,GLU,214,A,7,1,10.88786621809263,0.14285714285714285,0.4385,0.0917,0.9579146554051476,A:187:;A:188:;A:189:;A:190:;A:213:;A:214:;A:215:,A:213:
hcaii_silica_ph83,pi_carbon,28,4,alternative interface,A:94:,HIS,94,A,3,1,6.871779072637496,0.3333333333333333,0.20648666666666668,0.04306,0.9330678447433766,A:67:;A:92:;A:94:,A:94:
hcaii_silica_ph83,pi_carbon,29,5,alternative interface,A:69:,GLU,69,A,8,1,14.278027623506002,0.125,0.31359125,0.13167,0.9404744207849717,A:57:;A:58:;A:60:;A:67:;A:69:;A:71:;A:91:;A:92:,A:58:
hcaii_silica_ph83,pi_carbon,30,5,alternative interface,A:243:,ASP,243,A,5,1,10.58561870470954,0.2,0.302528,0.08795,0.9544997815552675,A:103:;A:242:;A:243:;A:245:;A:99:,A:245:
hcaii_silica_ph83,hbond_donor,1,1,primary plausible interface,A:76:,LYS,76,A,11,8,14.267773937350396,0.7272727272727273,0.4361427272727273,0.83649,0.9501792946971791,A:50:;A:52:;A:53:;A:55:;A:71:;A:72:;A:74:;A:75:;A:76:;A:78:;A:89:,A:50:;A:52:;A:53:;A:55:;A:71:;A:72:;A:74:;A:75:
hcaii_silica_ph83,hbond_donor,2,1,primary plausible interface,A:73:,SER,73,A,5,5,9.293219230538739,1.0,0.509496,0.64833,0.985023009790747,A:71:;A:72:;A:73:;A:74:;A:75:,A:71:;A:72:;A:73:;A:74:;A:75:
hcaii_silica_ph83,hbond_donor,3,1,primary plausible interface,A:177:,THR,177,A,7,4,11.867653104826406,0.5714285714285714,0.5741157142857143,0.61497,0.973677199404951,A:175:;A:176:;A:177:;A:178:;A:55:;A:57:;A:58:,A:175:;A:177:;A:178:;A:55:
hcaii_silica_ph83,hbond_donor,4,1,primary plausible interface,A:236:,GLU,236,A,6,3,8.61398721162425,0.5,0.662755,0.5462899999999999,0.9899601946658436,A:233:;A:234:;A:235:;A:236:;A:237:;A:238:,A:234:;A:236:;A:238:
hcaii_silica_ph83,hbond_donor,5,1,primary plausible interface,A:239:,GLU,239,A,6,3,9.836008887140512,0.5,0.46993,0.40257,0.992908235547198,A:230:;A:231:;A:237:;A:238:;A:239:;A:240:,A:230:;A:238:;A:239:
hcaii_silica_ph83,hbond_donor,6,1,primary plausible interface,A:162:,ASP,162,A,5,3,12.697729315630333,0.6,0.5900679999999999,0.28075,0.970318146607045,A:158:;A:159:;A:162:;A:163:;A:165:,A:158:;A:162:;A:165:
hcaii_silica_ph83,hbond_donor,7,1,primary plausible interface,A:43:,SER,43,A,5,2,9.24344208900434,0.4,0.47314799999999996,0.22477,0.9904216492244792,A:41:;A:42:;A:43:;A:44:;A:45:,A:41:;A:43:
hcaii_silica_ph83,hbond_donor,8,1,primary plausible interface,A:180:,ASP,180,A,6,4,14.016343110723467,0.6666666666666666,0.6293833333333333,0.20697,0.9493459342216557,A:178:;A:180:;A:182:;A:183:;A:52:;A:55:,A:178:;A:180:;A:52:;A:55:
hcaii_silica_ph83,hbond_donor,9,1,primary plausible interface,A:19:,ASP,19,A,5,1,6.265243853939093,0.2,0.5532920000000001,0.15839999999999999,0.9915964851086625,A:17:;A:18:;A:19:;A:20:;A:21:,A:19:
hcaii_silica_ph83,hbond_donor,10,1,primary plausible interface,A:9:,LYS,9,A,4,1,5.87867176576279,0.25,0.7339325,0.15832000000000002,0.9932610630202131,A:10:;A:11:;A:8:;A:9:,A:11:
hcaii_silica_ph83,hbond_donor,11,2,alternative interface,A:220:,SER,220,A,7,3,12.700703841435601,0.42857142857142855,0.4875457142857143,0.61068,0.9686021533177241,A:150:;A:151:;A:153:;A:219:;A:220:;A:221:;A:224:,A:219:;A:220:;A:221:
hcaii_silica_ph83,hbond_donor,12,2,alternative interface,A:34:,ASP,34,A,8,5,13.138060762910925,0.625,0.5029725,0.47491999999999995,0.975600955060752,A:109:;A:110:;A:111:;A:32:;A:34:;A:35:;A:36:;A:37:,A:110:;A:32:;A:34:;A:35:;A:37:
hcaii_silica_ph83,hbond_donor,13,2,alternative interface,A:188:,SER,188,A,5,4,9.435920388342426,0.8,0.500406,0.44345999999999997,0.9720913654601276,A:187:;A:188:;A:189:;A:190:;A:214:,A:187:;A:188:;A:190:;A:214:
hcaii_silica_ph83,hbond_donor,14,2,alternative interface,A:252:,LYS,252,A,6,2,9.135074173293983,0.3333333333333333,0.529235,0.40767000000000003,0.9805022925844099,A:250:;A:251:;A:252:;A:253:;A:26:;A:27:,A:253:;A:26:
hcaii_silica_ph83,hbond_donor,15,2,alternative interface,A:152:,SER,152,A,7,3,9.846817527762402,0.42857142857142855,0.4223071428571429,0.39046,0.9801638141504766,A:150:;A:151:;A:152:;A:153:;A:154:;A:217:;A:219:,A:152:;A:217:;A:219:
hcaii_silica_ph83,hbond_donor,16,2,alternative interface,A:130:,ASP,130,A,7,3,11.36821617132609,0.42857142857142855,0.5018485714285714,0.32789,0.9780169559568894,A:125:;A:128:;A:129:;A:130:;A:131:;A:132:;A:133:,A:125:;A:128:;A:130:
hcaii_silica_ph83,hbond_donor,17,2,alternative interface,A:255:,GLN,255,A,5,2,14.180214282782805,0.4,0.5818019999999999,0.23219,0.9565750440190066,A:251:;A:253:;A:255:;A:257:;A:39:,A:253:;A:255:
hcaii_silica_ph83,hbond_donor,18,2,alternative interface,A:156:,GLY,156,A,6,1,10.486145812275957,0.16666666666666666,0.54254,0.17449,0.9676941105553257,A:154:;A:155:;A:156:;A:158:;A:159:;A:183:,A:158:
hcaii_silica_ph83,hbond_donor,19,3,alternative interface,A:166:,SER,166,A,7,3,11.400720360559072,0.42857142857142855,0.43887,0.5536,0.9672020206012637,A:163:;A:165:;A:166:;A:168:;A:172:;A:173:;A:174:,A:165:;A:166:;A:173:
hcaii_silica_ph83,hbond_donor,20,3,alternative interface,A:137:,GLN,137,A,7,4,13.1332266942985,0.5714285714285714,0.4647485714285714,0.42332000000000003,0.9619918028089703,A:133:;A:135:;A:136:;A:137:;A:138:;A:139:;A:205:,A:136:;A:137:;A:139:;A:205:
hcaii_silica_ph83,hbond_donor,21,3,alternative interface,A:259:,SER,259,A,13,4,13.65507379600089,0.3076923076923077,0.37277000000000005,0.39627,0.9696709137756998,A:190:;A:192:;A:257:;A:258:;A:259:;A:260:;A:261:;A:40:;A:41:;A:42:;A:44:;A:45:;A:46:,A:190:;A:259:;A:40:;A:41:
hcaii_silica_ph83,hbond_donor,22,3,alternative interface,A:169:,THR,169,A,9,3,11.205339826215862,0.3333333333333333,0.38832333333333335,0.38933999999999996,0.9764269239601674,A:168:;A:169:;A:170:;A:171:;A:172:;A:230:;A:231:;A:233:;A:234:,A:169:;A:230:;A:234:
hcaii_silica_ph83,hbond_donor,23,3,alternative interface,A:85:,ASP,85,A,6,2,11.425253824136254,0.3333333333333333,0.50973,0.37167,0.971355549481906,A:80:;A:81:;A:83:;A:85:;A:86:;A:87:,A:85:;A:87:
hcaii_silica_ph83,hbond_donor,24,3,alternative interface,A:103:,GLN,103,A,8,5,12.712230705350606,0.625,0.47977625,0.35575,0.9470977845805235,A:100:;A:101:;A:102:;A:103:;A:113:;A:114:;A:243:;A:99:,A:101:;A:103:;A:114:;A:243:;A:99:
hcaii_silica_ph83,hbond_donor,25,3,alternative interface,A:15:,HIS,15,A,8,2,12.963633265476984,0.25,0.43526,0.34989,0.9714850857517966,A:10:;A:11:;A:13:;A:14:;A:15:;A:17:;A:18:;A:5:,A:11:;A:14:
hcaii_silica_ph83,hbond_donor,26,3,alternative interface,A:242:,VAL,242,A,5,2,9.295411695845065,0.4,0.32179800000000003,0.28423,0.9721201426944296,A:227:;A:240:;A:242:;A:243:;A:99:,A:243:;A:99:
hcaii_silica_ph83,hbond_donor,27,3,alternative interface,A:112:,LYS,112,A,7,3,11.460601512414259,0.42857142857142855,0.3861514285714286,0.22565000000000002,0.9730343742784058,A:108:;A:109:;A:110:;A:111:;A:112:;A:113:;A:114:,A:108:;A:110:;A:114:
hcaii_silica_ph83,hbond_donor,28,3,alternative interface,A:25:,GLY,25,A,7,1,12.576394291359644,0.14285714285714285,0.4620428571428571,0.21885000000000002,0.9740869922193928,A:21:;A:22:;A:23:;A:24:;A:25:;A:26:;A:27:,A:26:
hcaii_silica_ph83,hbond_donor,29,3,alternative interface,A:49:,VAL,49,A,5,2,8.392556651376909,0.4,0.29919599999999996,0.19515000000000002,0.9745681038428873,A:48:;A:49:;A:50:;A:78:;A:80:,A:48:;A:50:
hcaii_silica_ph83,hbond_donor,30,3,alternative interface,A:127:,LYS,127,A,6,3,12.496802068794498,0.5,0.47032499999999994,0.174,0.9725926528078324,A:125:;A:127:;A:128:;A:129:;A:86:;A:87:,A:125:;A:128:;A:87:
hcaii_silica_ph83,hbond_donor,31,3,alternative interface,A:94:,HIS,94,A,3,2,6.871779072637496,0.6666666666666666,0.20648666666666668,0.08458,0.9330678447433766,A:67:;A:92:;A:94:,A:67:;A:92:
hcaii_silica_ph83,hbond_donor,32,4,alternative interface,A:60:,LEU,60,A,9,4,14.137011372475301,0.4444444444444444,0.3477622222222222,0.31127,0.9572656385153626,A:171:;A:172:;A:173:;A:174:;A:58:;A:60:;A:62:;A:67:;A:69:,A:173:;A:62:;A:67:;A:69:
hcaii_silica_ph83,hbond_donor,33,4,alternative interface,A:91:,ILE,91,A,7,4,12.657530250919432,0.5714285714285714,0.2522842857142857,0.25524,0.9555410866945103,A:121:;A:69:;A:71:;A:72:;A:89:;A:91:;A:92:,A:69:;A:71:;A:72:;A:92:
hcaii_silica_ph83,hbond_donor,34,4,alternative interface,A:149:,LYS,149,A,6,2,11.700652634703333,0.3333333333333333,0.32648666666666665,0.18157,0.9601303006032927,A:114:;A:149:;A:150:;A:151:;A:215:;A:217:,A:114:;A:217:
hcaii_silica_ph83,hbond_donor,35,4,alternative interface,A:6:,GLY,6,A,7,1,12.454651938988535,0.14285714285714285,0.40969285714285714,0.13241,0.9612793515500888,A:11:;A:13:;A:4:;A:5:;A:64:;A:6:;A:8:,A:11:
hcaii_silica_ph83,hbond_donor,36,4,alternative interface,A:248:,ALA,248,A,6,3,12.527814197417054,0.5,0.3034833333333334,0.11898999999999998,0.9495186916919289,A:108:;A:247:;A:248:;A:249:;A:250:;A:32:,A:108:;A:249:;A:32:
hcaii_silica_ph83,hbond_donor,37,4,alternative interface,A:195:,PRO,195,A,5,3,14.39154293951881,0.6,0.246762,0.11096,0.9226635961832321,A:193:;A:195:;A:205:;A:208:;A:27:,A:193:;A:205:;A:208:
hcaii_silica_ph83,hbond_donor,38,5,alternative interface,A:213:,LYS,213,A,6,2,12.869223338785316,0.3333333333333333,0.31109,0.24142,0.9390389005475319,A:189:;A:190:;A:192:;A:213:;A:214:;A:215:,A:190:;A:214:
hcaii_silica_ph83,hbond_donor,39,5,alternative interface,A:245:,TRP,245,A,3,1,10.221873633529173,0.3333333333333333,0.33402,0.13492,0.9510151778250238,A:243:;A:245:;A:247:,A:243:
hcaii_silica_ph83,hbond_donor,40,5,alternative interface,A:198:,LEU,198,A,5,2,11.1477301104778,0.4,0.317088,0.10191,0.9518208261767327,A:198:;A:200:;A:202:;A:204:;A:205:,A:200:;A:205:
hcaii_silica_ph83,hbond_acceptor,1,1,primary plausible interface,A:219:,SER,219,A,9,5,11.81110879470507,0.5555555555555556,0.47898444444444443,0.7637999999999999,0.9715134024792584,A:150:;A:151:;A:152:;A:153:;A:154:;A:217:;A:219:;A:220:;A:221:,A:152:;A:154:;A:217:;A:219:;A:220:
hcaii_silica_ph83,hbond_acceptor,2,1,primary plausible interface,A:172:,LYS,172,A,10,6,13.294450240746974,0.6,0.372824,0.6767400000000001,0.9655416440480616,A:166:;A:168:;A:169:;A:170:;A:171:;A:172:;A:173:;A:174:;A:60:;A:62:,A:166:;A:168:;A:169:;A:170:;A:172:;A:173:
hcaii_silica_ph83,hbond_acceptor,3,1,primary plausible interface,A:258:,ALA,258,A,11,6,13.614861287656602,0.5454545454545454,0.3174945454545454,0.61827,0.9787689219206603,A:190:;A:192:;A:193:;A:257:;A:258:;A:259:;A:260:;A:261:;A:39:;A:40:;A:41:,A:192:;A:193:;A:257:;A:259:;A:261:;A:39:
hcaii_silica_ph83,hbond_acceptor,4,1,primary plausible interface,A:81:,GLY,81,A,8,3,14.0679508487457,0.375,0.5911537499999999,0.5629500000000001,0.9598193365735852,A:45:;A:46:;A:48:;A:80:;A:81:;A:83:;A:85:;A:86:,A:45:;A:48:;A:80:
hcaii_silica_ph83,hbond_acceptor,5,1,primary plausible interface,A:44:,LEU,44,A,8,3,11.433528019194064,0.375,0.4113675,0.5478000000000001,0.980651729727183,A:259:;A:41:;A:42:;A:43:;A:44:;A:45:;A:46:;A:83:,A:259:;A:43:;A:45:
hcaii_silica_ph83,hbond_acceptor,6,1,primary plausible interface,A:225:,LYS,225,A,5,3,11.13452294137822,0.6,0.556608,0.54322,0.9772654812525489,A:221:;A:224:;A:225:;A:227:;A:228:,A:225:;A:227:;A:228:
hcaii_silica_ph83,hbond_acceptor,7,1,primary plausible interface,A:37:,THR,37,A,5,3,10.057637722892133,0.6,0.612682,0.50341,0.986029287002811,A:34:;A:35:;A:36:;A:37:;A:39:,A:35:;A:37:;A:39:
hcaii_silica_ph83,hbond_acceptor,8,1,primary plausible interface,A:87:,THR,87,A,8,5,13.085845969058449,0.625,0.446375,0.49282,0.9591825190015789,A:125:;A:127:;A:78:;A:80:;A:85:;A:86:;A:87:;A:89:,A:125:;A:127:;A:80:;A:87:;A:89:
hcaii_silica_ph83,hbond_acceptor,9,1,primary plausible interface,A:180:,ASP,180,A,6,2,14.016343110723467,0.3333333333333333,0.6293833333333333,0.27379000000000003,0.9493459342216557,A:178:;A:180:;A:182:;A:183:;A:52:;A:55:,A:182:;A:55:
hcaii_silica_ph83,hbond_acceptor,10,1,primary plausible interface,A:19:,ASP,19,A,5,1,6.265243853939093,0.2,0.5532920000000001,0.2087,0.9915964851086625,A:17:;A:18:;A:19:;A:20:;A:21:,A:18:
hcaii_silica_ph83,hbond_acceptor,11,2,alternative interface,A:109:,VAL,109,A,9,5,13.934609945356376,0.5555555555555556,0.39776888888888895,0.63268,0.9679357548584229,A:108:;A:109:;A:110:;A:111:;A:112:;A:113:;A:32:;A:34:;A:35:,A:108:;A:111:;A:112:;A:113:;A:35:
hcaii_silica_ph83,hbond_acceptor,12,2,alternative interface,A:49:,VAL,49,A,5,3,8.392556651376909,0.6,0.29919599999999996,0.48946,0.9745681038428873,A:48:;A:49:;A:50:;A:78:;A:80:,A:48:;A:50:;A:80:
hcaii_silica_ph83,hbond_acceptor,13,2,alternative interface,A:165:,ASP,165,A,5,2,11.517599090241347,0.4,0.557516,0.47213,0.9767268284015665,A:162:;A:163:;A:165:;A:166:;A:168:,A:166:;A:168:
hcaii_silica_ph83,hbond_acceptor,14,2,alternative interface,A:114:,TYR,114,A,8,4,13.926552129389485,0.5,0.45131,0.46874000000000005,0.9433061015870322,A:101:;A:102:;A:103:;A:108:;A:112:;A:113:;A:114:;A:149:,A:108:;A:112:;A:113:;A:149:
hcaii_silica_ph83,hbond_acceptor,15,2,alternative interface,A:128:,TYR,128,A,7,3,10.378355690025046,0.42857142857142855,0.48187714285714284,0.40463,0.9798156876749103,A:125:;A:127:;A:128:;A:129:;A:130:;A:131:;A:133:,A:125:;A:127:;A:133:
hcaii_silica_ph83,hbond_acceptor,16,2,alternative interface,A:23:,ALA,23,A,7,1,9.86238656502899,0.14285714285714285,0.4145285714285714,0.35795,0.9822938350235628,A:17:;A:20:;A:21:;A:22:;A:23:;A:24:;A:25:,A:24:
hcaii_silica_ph83,hbond_acceptor,17,2,alternative interface,A:233:,GLY,233,A,9,2,12.37906635983168,0.2222222222222222,0.47380777777777777,0.33094,0.9849793502254297,A:169:;A:170:;A:171:;A:230:;A:231:;A:233:;A:234:;A:235:;A:236:,A:169:;A:170:
hcaii_silica_ph83,hbond_acceptor,18,2,alternative interface,A:11:,ASN,11,A,11,2,13.438216693870062,0.18181818181818182,0.5591436363636364,0.2627,0.9688168505495954,A:10:;A:11:;A:13:;A:14:;A:15:;A:3:;A:4:;A:5:;A:6:;A:8:;A:9:,A:5:;A:9:
hcaii_silica_ph83,hbond_acceptor,19,2,alternative interface,A:185:,LEU,185,A,4,1,10.386151682772436,0.25,0.58914,0.239,0.9666308170203057,A:182:;A:183:;A:185:;A:187:,A:182:
hcaii_silica_ph83,hbond_acceptor,20,2,alternative interface,A:132:,GLY,132,A,6,1,10.6984249759615,0.16666666666666666,0.5328266666666667,0.17509,0.9768980688125353,A:130:;A:131:;A:132:;A:133:;A:135:;A:136:,A:133:
hcaii_silica_ph83,hbond_acceptor,21,2,alternative interface,A:253:,ASN,253,A,5,1,12.435743864091732,0.2,0.604138,0.16013000000000002,0.9750704444284792,A:251:;A:252:;A:253:;A:255:;A:26:,A:252:
hcaii_silica_ph83,hbond_acceptor,22,2,alternative interface,A:53:,GLN,53,A,5,3,12.11248012696525,0.6,0.519458,0.14156000000000002,0.9695855566026821,A:50:;A:52:;A:53:;A:55:;A:76:,A:50:;A:55:;A:76:
hcaii_silica_ph83,hbond_acceptor,23,2,alternative interface,A:100:,LEU,100,A,5,1,8.636601381863686,0.2,0.5818,0.10525000000000001,0.9799137997124686,A:100:;A:101:;A:102:;A:103:;A:99:,A:99:
hcaii_silica_ph83,hbond_acceptor,24,3,alternative interface,A:57:,LEU,57,A,9,3,12.605764826529912,0.3333333333333333,0.5184377777777778,0.42278,0.9656855294778882,A:175:;A:176:;A:177:;A:178:;A:55:;A:57:;A:58:;A:69:;A:71:,A:177:;A:55:;A:58:
hcaii_silica_ph83,hbond_acceptor,25,3,alternative interface,A:72:,ASP,72,A,8,3,10.721327124882519,0.375,0.4091675,0.31995999999999997,0.9792134856528821,A:71:;A:72:;A:73:;A:74:;A:75:;A:76:;A:89:;A:91:,A:73:;A:76:;A:89:
hcaii_silica_ph83,hbond_acceptor,26,3,alternative interface,A:158:,GLN,158,A,6,2,12.83557259947193,0.3333333333333333,0.5450833333333334,0.25943,0.9650698719850389,A:154:;A:155:;A:156:;A:158:;A:159:;A:162:,A:154:;A:159:
hcaii_silica_ph83,hbond_acceptor,27,3,alternative interface,A:242:,VAL,242,A,5,2,9.295411695845065,0.4,0.32179800000000003,0.25798,0.9721201426944296,A:227:;A:240:;A:242:;A:243:;A:99:,A:227:;A:99:
hcaii_silica_ph83,hbond_acceptor,28,3,alternative interface,A:250:,PRO,250,A,5,1,11.985248923573224,0.2,0.32614,0.16013000000000002,0.9793413616527689,A:248:;A:249:;A:250:;A:251:;A:252:,A:252:
hcaii_silica_ph83,hbond_acceptor,29,3,alternative interface,A:188:,SER,188,A,5,1,9.435920388342426,0.2,0.500406,0.15202,0.9720913654601276,A:187:;A:188:;A:189:;A:190:;A:214:,A:188:
hcaii_silica_ph83,hbond_acceptor,30,3,alternative interface,A:195:,PRO,195,A,5,3,14.39154293951881,0.6,0.246762,0.14022,0.9226635961832321,A:193:;A:195:;A:205:;A:208:;A:27:,A:193:;A:208:;A:27:
hcaii_silica_ph83,hbond_acceptor,31,4,alternative interface,A:213:,LYS,213,A,6,2,12.869223338785316,0.3333333333333333,0.31109,0.18459,0.9390389005475319,A:189:;A:190:;A:192:;A:213:;A:214:;A:215:,A:192:;A:213:
hcaii_silica_ph83,hbond_acceptor,32,4,alternative interface,A:200:,THR,200,A,3,1,7.233455544792194,0.3333333333333333,0.3241233333333333,0.13202999999999998,0.9672207279341408,A:198:;A:200:;A:202:,A:200:
hcaii_silica_ph83,hbond_acceptor,33,4,alternative interface,A:245:,TRP,245,A,3,1,10.221873633529173,0.3333333333333333,0.33402,0.10915,0.9510151778250238,A:243:;A:245:;A:247:,A:245:
hcaii_silica_ph83,oxide,1,1,primary plausible interface,A:236:,GLU,236,A,6,3,8.61398721162425,0.5,0.662755,0.83356,0.9899601946658436,A:233:;A:234:;A:235:;A:236:;A:237:;A:238:,A:234:;A:236:;A:238:
hcaii_silica_ph83,oxide,2,1,primary plausible interface,A:239:,GLU,239,A,6,2,9.836008887140512,0.3333333333333333,0.46993,0.71607,0.992908235547198,A:230:;A:231:;A:237:;A:238:;A:239:;A:240:,A:238:;A:239:
hcaii_silica_ph83,oxide,3,1,primary plausible interface,A:188:,SER,188,A,5,3,9.435920388342426,0.6,0.500406,0.70081,0.9720913654601276,A:187:;A:188:;A:189:;A:190:;A:214:,A:187:;A:190:;A:214:
hcaii_silica_ph83,oxide,4,1,primary plausible interface,A:36:,HIS,36,A,4,1,5.61130696948921,0.25,0.597335,0.32659999999999995,0.9947734284927111,A:34:;A:35:;A:36:;A:37:,A:34:
hcaii_silica_ph83,oxide,5,2,alternative interface,A:163:,VAL,163,A,6,2,12.490432423646835,0.3333333333333333,0.5324266666666667,0.63497,0.9636751249338561,A:159:;A:162:;A:163:;A:165:;A:166:;A:174:,A:162:;A:165:
hcaii_silica_ph83,oxide,6,2,alternative interface,A:85:,ASP,85,A,6,1,11.425253824136254,0.16666666666666666,0.50973,0.56419,0.971355549481906,A:80:;A:81:;A:83:;A:85:;A:86:;A:87:,A:85:
hcaii_silica_ph83,oxide,7,2,alternative interface,A:58:,ARG,58,A,9,2,12.704099515083774,0.2222222222222222,0.41905555555555557,0.50387,0.9683373946801049,A:173:;A:174:;A:175:;A:176:;A:177:;A:57:;A:58:;A:60:;A:69:,A:175:;A:69:
hcaii_silica_ph83,oxide,8,2,alternative interface,A:17:,HIS,17,A,10,2,12.632863134778002,0.2,0.47538,0.45665999999999995,0.9702097376630858,A:14:;A:15:;A:17:;A:18:;A:19:;A:20:;A:21:;A:22:;A:23:;A:24:,A:14:;A:19:
hcaii_silica_ph83,oxide,9,2,alternative interface,A:110:,ASP,110,A,8,3,11.123761636427064,0.375,0.393335,0.45433,0.9758284893381932,A:108:;A:109:;A:110:;A:111:;A:112:;A:32:;A:34:;A:35:,A:110:;A:32:;A:34:
hcaii_silica_ph83,oxide,10,2,alternative interface,A:74:,GLN,74,A,6,3,9.293219230538739,0.5,0.47066333333333327,0.45213000000000003,0.9817095656588212,A:71:;A:72:;A:73:;A:74:;A:75:;A:76:,A:71:;A:72:;A:75:
hcaii_silica_ph83,oxide,11,2,alternative interface,A:53:,GLN,53,A,5,1,12.11248012696525,0.2,0.519458,0.41516,0.9695855566026821,A:50:;A:52:;A:53:;A:55:;A:76:,A:52:
hcaii_silica_ph83,oxide,12,2,alternative interface,A:130:,ASP,130,A,7,1,11.36821617132609,0.14285714285714285,0.5018485714285714,0.3605,0.9780169559568894,A:125:;A:128:;A:129:;A:130:;A:131:;A:132:;A:133:,A:130:
hcaii_silica_ph83,oxide,13,2,alternative interface,A:100:,LEU,100,A,5,1,8.636601381863686,0.2,0.5818,0.30795,0.9799137997124686,A:100:;A:101:;A:102:;A:103:;A:99:,A:101:
hcaii_silica_ph83,oxide,14,2,alternative interface,A:180:,ASP,180,A,6,2,14.016343110723467,0.3333333333333333,0.6293833333333333,0.30065000000000003,0.9493459342216557,A:178:;A:180:;A:182:;A:183:;A:52:;A:55:,A:180:;A:52:
hcaii_silica_ph83,oxide,15,2,alternative interface,A:43:,SER,43,A,5,1,9.24344208900434,0.2,0.47314799999999996,0.09699999999999999,0.9904216492244792,A:41:;A:42:;A:43:;A:44:;A:45:,A:41:
hcaii_silica_ph83,oxide,16,3,alternative interface,A:168:,LYS,168,A,8,1,14.322679876758128,0.125,0.47270124999999996,0.59219,0.959941154175455,A:165:;A:166:;A:168:;A:169:;A:170:;A:172:;A:228:;A:230:,A:165:
hcaii_silica_ph83,oxide,17,3,alternative interface,A:220:,SER,220,A,7,1,12.700703841435601,0.14285714285714285,0.4875457142857143,0.49296,0.9686021533177241,A:150:;A:151:;A:153:;A:219:;A:220:;A:221:;A:224:,A:221:
hcaii_silica_ph83,oxide,18,3,alternative interface,A:25:,GLY,25,A,7,1,12.576394291359644,0.14285714285714285,0.4620428571428571,0.40062,0.9740869922193928,A:21:;A:22:;A:23:;A:24:;A:25:;A:26:;A:27:,A:26:
hcaii_silica_ph83,oxide,19,3,alternative interface,A:91:,ILE,91,A,7,3,12.657530250919432,0.42857142857142855,0.2522842857142857,0.37557,0.9555410866945103,A:121:;A:69:;A:71:;A:72:;A:89:;A:91:;A:92:,A:69:;A:71:;A:72:
hcaii_silica_ph83,oxide,20,3,alternative interface,A:213:,LYS,213,A,6,2,12.869223338785316,0.3333333333333333,0.31109,0.33098,0.9390389005475319,A:189:;A:190:;A:192:;A:213:;A:214:;A:215:,A:190:;A:214:
hcaii_silica_ph83,oxide,21,3,alternative interface,A:139:,ASP,139,A,4,1,10.867994646617607,0.25,0.4533475,0.29635,0.9757718539238492,A:137:;A:138:;A:139:;A:208:,A:139:
hcaii_silica_ph83,oxide,22,3,alternative interface,A:245:,TRP,245,A,3,1,10.221873633529173,0.3333333333333333,0.33402,0.12445,0.9510151778250238,A:243:;A:245:;A:247:,A:243:
hcaii_silica_ph83,oxide,23,4,alternative interface,A:259:,SER,259,A,13,2,13.65507379600089,0.15384615384615385,0.37277000000000005,0.28476,0.9696709137756998,A:190:;A:192:;A:257:;A:258:;A:259:;A:260:;A:261:;A:40:;A:41:;A:42:;A:44:;A:45:;A:46:,A:190:;A:41:
hcaii_silica_ph83,oxide,24,4,alternative interface,A:242:,VAL,242,A,5,1,9.295411695845065,0.2,0.32179800000000003,0.19599,0.9721201426944296,A:227:;A:240:;A:242:;A:243:;A:99:,A:243:
hcaii_silica_ph83,oxide,25,5,alternative interface,A:13:,PRO,13,A,7,1,15.006768202879401,0.14285714285714285,0.33594571428571435,0.2045,0.9512631680983483,A:11:;A:13:;A:14:;A:15:;A:247:;A:5:;A:6:,A:14:
hcaii_silica_ph83,oxide,26,5,alternative interface,A:205:,GLU,205,A,7,1,13.152861462001194,0.14285714285714285,0.36201,0.14204,0.9412165402025994,A:137:;A:138:;A:195:;A:198:;A:204:;A:205:;A:27:,A:205:
hcaii_silica_ph83,oxide,27,5,alternative interface,A:248:,ALA,248,A,6,1,12.527814197417054,0.16666666666666666,0.3034833333333334,0.08644,0.9495186916919289,A:108:;A:247:;A:248:;A:249:;A:250:;A:32:,A:32:
hcaii_silica_ph83,calcium_phosphate,1,1,primary plausible interface,A:233:,GLY,233,A,9,3,12.37906635983168,0.3333333333333333,0.47380777777777777,0.80664,0.9849793502254297,A:169:;A:170:;A:171:;A:230:;A:231:;A:233:;A:234:;A:235:;A:236:,A:170:;A:234:;A:236:
hcaii_silica_ph83,calcium_phosphate,2,1,primary plausible interface,A:110:,ASP,110,A,8,5,11.123761636427064,0.625,0.393335,0.7806799999999999,0.9758284893381932,A:108:;A:109:;A:110:;A:111:;A:112:;A:32:;A:34:;A:35:,A:110:;A:111:;A:112:;A:32:;A:34:
hcaii_silica_ph83,calcium_phosphate,3,1,primary plausible interface,A:163:,VAL,163,A,6,3,12.490432423646835,0.5,0.5324266666666667,0.60127,0.9636751249338561,A:159:;A:162:;A:163:;A:165:;A:166:;A:174:,A:159:;A:162:;A:165:
hcaii_silica_ph83,calcium_phosphate,4,1,primary plausible interface,A:168:,LYS,168,A,8,5,14.322679876758128,0.625,0.47270124999999996,0.60053,0.959941154175455,A:165:;A:166:;A:168:;A:169:;A:170:;A:172:;A:228:;A:230:,A:165:;A:168:;A:170:;A:172:;A:228:
hcaii_silica_ph83,calcium_phosphate,5,1,primary plausible interface,A:17:,HIS,17,A,10,6,12.632863134778002,0.6,0.47538,0.5799,0.9702097376630858,A:14:;A:15:;A:17:;A:18:;A:19:;A:20:;A:21:;A:22:;A:23:;A:24:,A:14:;A:15:;A:17:;A:18:;A:19:;A:24:
hcaii_silica_ph83,calcium_phosphate,6,1,primary plausible interface,A:225:,LYS,225,A,5,4,11.13452294137822,0.8,0.556608,0.57911,0.9772654812525489,A:221:;A:224:;A:225:;A:227:;A:228:,A:221:;A:225:;A:227:;A:228:
hcaii_silica_ph83,calcium_phosphate,7,1,primary plausible interface,A:238:,GLU,238,A,7,3,11.699664150592078,0.42857142857142855,0.49601428571428574,0.52992,0.9910982169231897,A:230:;A:231:;A:236:;A:237:;A:238:;A:239:;A:240:,A:236:;A:238:;A:239:
hcaii_silica_ph83,calcium_phosphate,8,1,primary plausible interface,A:40:,TYR,40,A,9,4,10.412166341104376,0.4444444444444444,0.37938666666666665,0.52704,0.9846629853654252,A:257:;A:258:;A:259:;A:260:;A:261:;A:39:;A:40:;A:41:;A:42:,A:257:;A:261:;A:39:;A:41:
hcaii_silica_ph83,calcium_phosphate,9,1,primary plausible interface,A:130:,ASP,130,A,7,2,11.36821617132609,0.2857142857142857,0.5018485714285714,0.51561,0.9780169559568894,A:125:;A:128:;A:129:;A:130:;A:131:;A:132:;A:133:,A:130:;A:133:
hcaii_silica_ph83,calcium_phosphate,10,1,primary plausible interface,A:81:,GLY,81,A,8,3,14.0679508487457,0.375,0.5911537499999999,0.47377,0.9598193365735852,A:45:;A:46:;A:48:;A:80:;A:81:;A:83:;A:85:;A:86:,A:45:;A:80:;A:85:
hcaii_silica_ph83,calcium_phosphate,11,1,primary plausible interface,A:180:,ASP,180,A,6,3,14.016343110723467,0.5,0.6293833333333333,0.44205,0.9493459342216557,A:178:;A:180:;A:182:;A:183:;A:52:;A:55:,A:180:;A:182:;A:52:
hcaii_silica_ph83,calcium_phosphate,12,1,primary plausible interface,A:74:,GLN,74,A,6,4,9.293219230538739,0.6666666666666666,0.47066333333333327,0.43119999999999997,0.9817095656588212,A:71:;A:72:;A:73:;A:74:;A:75:;A:76:,A:71:;A:72:;A:75:;A:76:
hcaii_silica_ph83,calcium_phosphate,13,1,primary plausible interface,A:11:,ASN,11,A,11,6,13.438216693870062,0.5454545454545454,0.5591436363636364,0.33677999999999997,0.9688168505495954,A:10:;A:11:;A:13:;A:14:;A:15:;A:3:;A:4:;A:5:;A:6:;A:8:;A:9:,A:10:;A:14:;A:15:;A:3:;A:4:;A:9:
hcaii_silica_ph83,calcium_phosphate,14,1,primary plausible interface,A:36:,HIS,36,A,4,2,5.61130696948921,0.5,0.597335,0.23915,0.9947734284927111,A:34:;A:35:;A:36:;A:37:,A:34:;A:36:
hcaii_silica_ph83,calcium_phosphate,15,1,primary plausible interface,A:253:,ASN,253,A,5,2,12.435743864091732,0.4,0.604138,0.13864,0.9750704444284792,A:251:;A:252:;A:253:;A:255:;A:26:,A:252:;A:26:
hcaii_silica_ph83,calcium_phosphate,16,2,alternative interface,A:188:,SER,188,A,5,3,9.435920388342426,0.6,0.500406,0.57135,0.9720913654601276,A:187:;A:188:;A:189:;A:190:;A:214:,A:187:;A:190:;A:214:
hcaii_silica_ph83,calcium_phosphate,17,2,alternative interface,A:25:,GLY,25,A,7,3,12.576394291359644,0.42857142857142855,0.4620428571428571,0.5116700000000001,0.9740869922193928,A:21:;A:22:;A:23:;A:24:;A:25:;A:26:;A:27:,A:24:;A:26:;A:27:
hcaii_silica_ph83,calcium_phosphate,18,2,alternative interface,A:53:,GLN,53,A,5,2,12.11248012696525,0.4,0.519458,0.41308999999999996,0.9695855566026821,A:50:;A:52:;A:53:;A:55:;A:76:,A:52:;A:76:
hcaii_silica_ph83,calcium_phosphate,19,2,alternative interface,A:44:,LEU,44,A,8,2,11.433528019194064,0.25,0.4113675,0.34143,0.980651729727183,A:259:;A:41:;A:42:;A:43:;A:44:;A:45:;A:46:;A:83:,A:41:;A:45:
hcaii_silica_ph83,calcium_phosphate,20,2,alternative interface,A:158:,GLN,158,A,6,3,12.83557259947193,0.5,0.5450833333333334,0.27504,0.9650698719850389,A:154:;A:155:;A:156:;A:158:;A:159:;A:162:,A:154:;A:159:;A:162:
hcaii_silica_ph83,calcium_phosphate,21,2,alternative interface,A:127:,LYS,127,A,6,1,12.496802068794498,0.16666666666666666,0.47032499999999994,0.24021,0.9725926528078324,A:125:;A:127:;A:128:;A:129:;A:86:;A:87:,A:127:
hcaii_silica_ph83,calcium_phosphate,22,2,alternative interface,A:185:,LEU,185,A,4,2,10.386151682772436,0.5,0.58914,0.22713999999999998,0.9666308170203057,A:182:;A:183:;A:185:;A:187:,A:182:;A:187:
hcaii_silica_ph83,calcium_phosphate,23,2,alternative interface,A:139:,ASP,139,A,4,1,10.867994646617607,0.25,0.4533475,0.21184,0.9757718539238492,A:137:;A:138:;A:139:;A:208:,A:139:
hcaii_silica_ph83,calcium_phosphate,24,3,alternative interface,A:58:,ARG,58,A,9,3,12.704099515083774,0.3333333333333333,0.41905555555555557,0.45220999999999995,0.9683373946801049,A:173:;A:174:;A:175:;A:176:;A:177:;A:57:;A:58:;A:60:;A:69:,A:175:;A:58:;A:69:
hcaii_silica_ph83,calcium_phosphate,25,3,alternative interface,A:113:,LYS,113,A,8,3,13.128821496767483,0.375,0.44514000000000004,0.42356,0.9532398782709661,A:102:;A:103:;A:108:;A:109:;A:111:;A:112:;A:113:;A:114:,A:111:;A:112:;A:113:
hcaii_silica_ph83,calcium_phosphate,26,3,alternative interface,A:220:,SER,220,A,7,1,12.700703841435601,0.14285714285714285,0.4875457142857143,0.35239,0.9686021533177241,A:150:;A:151:;A:153:;A:219:;A:220:;A:221:;A:224:,A:221:
hcaii_silica_ph83,calcium_phosphate,27,3,alternative interface,A:213:,LYS,213,A,6,3,12.869223338785316,0.5,0.31109,0.31846,0.9390389005475319,A:189:;A:190:;A:192:;A:213:;A:214:;A:215:,A:190:;A:213:;A:214:
hcaii_silica_ph83,calcium_phosphate,28,3,alternative interface,A:91:,ILE,91,A,7,4,12.657530250919432,0.5714285714285714,0.2522842857142857,0.2928,0.9555410866945103,A:121:;A:69:;A:71:;A:72:;A:89:;A:91:;A:92:,A:69:;A:71:;A:72:;A:89:
hcaii_silica_ph83,calcium_phosphate,29,3,alternative interface,A:135:,VAL,135,A,8,1,13.030883934953781,0.125,0.5002725,0.25791000000000003,0.9517544947230715,A:131:;A:132:;A:133:;A:135:;A:136:;A:137:;A:138:;A:204:,A:133:
hcaii_silica_ph83,calcium_phosphate,30,3,alternative interface,A:62:,ASN,62,A,7,3,12.324562776043615,0.42857142857142855,0.3796585714285715,0.21292000000000003,0.9624867556707638,A:170:;A:171:;A:172:;A:60:;A:62:;A:64:;A:67:,A:170:;A:172:;A:64:
hcaii_silica_ph83,calcium_phosphate,31,3,alternative interface,A:242:,VAL,242,A,5,2,9.295411695845065,0.4,0.32179800000000003,0.19704999999999998,0.9721201426944296,A:227:;A:240:;A:242:;A:243:;A:99:,A:227:;A:243:
hcaii_silica_ph83,calcium_phosphate,32,3,alternative interface,A:250:,PRO,250,A,5,1,11.985248923573224,0.2,0.32614,0.13864,0.9793413616527689,A:248:;A:249:;A:250:;A:251:;A:252:,A:252:
hcaii_silica_ph83,calcium_phosphate,33,3,alternative interface,A:78:,VAL,78,A,8,4,12.473201465514666,0.5,0.28676375000000004,0.08458,0.9557777663861314,A:49:;A:50:;A:75:;A:76:;A:78:;A:80:;A:87:;A:89:,A:75:;A:76:;A:80:;A:89:
hcaii_silica_ph83,calcium_phosphate,34,4,alternative interface,A:101:,ASP,101,A,7,1,13.128084961692412,0.14285714285714285,0.4678614285714286,0.22013000000000002,0.9565758097228635,A:100:;A:101:;A:102:;A:103:;A:114:;A:150:;A:99:,A:101:
hcaii_silica_ph83,calcium_phosphate,35,4,alternative interface,A:149:,LYS,149,A,6,1,11.700652634703333,0.16666666666666666,0.32648666666666665,0.21329,0.9601303006032927,A:114:;A:149:;A:150:;A:151:;A:215:;A:217:,A:149:
hcaii_silica_ph83,calcium_phosphate,36,4,alternative interface,A:205:,GLU,205,A,7,2,13.152861462001194,0.2857142857142857,0.36201,0.10154,0.9412165402025994,A:137:;A:138:;A:195:;A:198:;A:204:;A:205:;A:27:,A:205:;A:27:
hcaii_silica_ph83,calcium_phosphate,37,4,alternative interface,A:245:,TRP,245,A,3,1,10.221873633529173,0.3333333333333333,0.33402,0.0851,0.9510151778250238,A:243:;A:245:;A:247:,A:243:
hcaii_silica_ph83,calcium_phosphate,38,5,alternative interface,A:193:,THR,193,A,7,1,13.397637372864,0.14285714285714285,0.19766714285714287,0.09439,0.9444454059350492,A:192:;A:193:;A:195:;A:208:;A:257:;A:258:;A:83:,A:257:
hcaii_silica_ph83,calcium_phosphate,39,5,alternative interface,A:94:,HIS,94,A,3,1,6.871779072637496,0.3333333333333333,0.20648666666666668,0.00067,0.9330678447433766,A:67:;A:92:;A:94:,A:94:
hcaii_silica_ph83,metal_coord,1,1,primary plausible interface,A:3:,HIS,3,A,4,2,6.913350136876345,0.5,0.559435,0.7101900000000001,0.9925388590801203,A:11:;A:3:;A:4:;A:5:,A:3:;A:4:
hcaii_silica_ph83,metal_coord,2,1,primary plausible interface,A:236:,GLU,236,A,6,3,8.61398721162425,0.5,0.662755,0.7064499999999999,0.9899601946658436,A:233:;A:234:;A:235:;A:236:;A:237:;A:238:,A:234:;A:236:;A:238:
hcaii_silica_ph83,metal_coord,3,1,primary plausible interface,A:239:,GLU,239,A,6,2,9.836008887140512,0.3333333333333333,0.46993,0.50586,0.992908235547198,A:230:;A:231:;A:237:;A:238:;A:239:;A:240:,A:238:;A:239:
hcaii_silica_ph83,metal_coord,4,1,primary plausible interface,A:188:,SER,188,A,5,3,9.435920388342426,0.6,0.500406,0.49508,0.9720913654601276,A:187:;A:188:;A:189:;A:190:;A:214:,A:187:;A:190:;A:214:
hcaii_silica_ph83,metal_coord,5,1,primary plausible interface,A:9:,LYS,9,A,4,1,5.87867176576279,0.25,0.7339325,0.48515,0.9932610630202131,A:10:;A:11:;A:8:;A:9:,A:10:
hcaii_silica_ph83,metal_coord,6,2,alternative interface,A:15:,HIS,15,A,8,4,12.963633265476984,0.5,0.43526,0.68232,0.9714850857517966,A:10:;A:11:;A:13:;A:14:;A:15:;A:17:;A:18:;A:5:,A:10:;A:14:;A:15:;A:17:
hcaii_silica_ph83,metal_coord,7,2,alternative interface,A:34:,ASP,34,A,8,4,13.138060762910925,0.5,0.5029725,0.5496099999999999,0.975600955060752,A:109:;A:110:;A:111:;A:32:;A:34:;A:35:;A:36:;A:37:,A:110:;A:32:;A:34:;A:36:
hcaii_silica_ph83,metal_coord,8,2,alternative interface,A:163:,VAL,163,A,6,2,12.490432423646835,0.3333333333333333,0.5324266666666667,0.44856999999999997,0.9636751249338561,A:159:;A:162:;A:163:;A:165:;A:166:;A:174:,A:162:;A:165:
hcaii_silica_ph83,metal_coord,9,2,alternative interface,A:85:,ASP,85,A,6,1,11.425253824136254,0.16666666666666666,0.50973,0.39857,0.971355549481906,A:80:;A:81:;A:83:;A:85:;A:86:;A:87:,A:85:
hcaii_silica_ph83,metal_coord,10,2,alternative interface,A:19:,ASP,19,A,5,2,6.265243853939093,0.4,0.5532920000000001,0.39371,0.9915964851086625,A:17:;A:18:;A:19:;A:20:;A:21:,A:17:;A:19:
hcaii_silica_ph83,metal_coord,11,2,alternative interface,A:180:,ASP,180,A,6,2,14.016343110723467,0.3333333333333333,0.6293833333333333,0.27605,0.9493459342216557,A:178:;A:180:;A:182:;A:183:;A:52:;A:55:,A:180:;A:52:
hcaii_silica_ph83,metal_coord,12,2,alternative interface,A:100:,LEU,100,A,5,1,8.636601381863686,0.2,0.5818,0.22605,0.9799137997124686,A:100:;A:101:;A:102:;A:103:;A:99:,A:101:
hcaii_silica_ph83,metal_coord,13,3,alternative interface,A:168:,LYS,168,A,8,1,14.322679876758128,0.125,0.47270124999999996,0.46622,0.959941154175455,A:165:;A:166:;A:168:;A:169:;A:170:;A:172:;A:228:;A:230:,A:165:
hcaii_silica_ph83,metal_coord,14,3,alternative interface,A:53:,GLN,53,A,5,1,12.11248012696525,0.2,0.519458,0.3812,0.9695855566026821,A:50:;A:52:;A:53:;A:55:;A:76:,A:52:
hcaii_silica_ph83,metal_coord,15,3,alternative interface,A:72:,ASP,72,A,8,3,10.721327124882519,0.375,0.4091675,0.35822000000000004,0.9792134856528821,A:71:;A:72:;A:73:;A:74:;A:75:;A:76:;A:89:;A:91:,A:71:;A:72:;A:75:
hcaii_silica_ph83,metal_coord,16,3,alternative interface,A:58:,ARG,58,A,9,2,12.704099515083774,0.2222222222222222,0.41905555555555557,0.35595,0.9683373946801049,A:173:;A:174:;A:175:;A:176:;A:177:;A:57:;A:58:;A:60:;A:69:,A:175:;A:69:
hcaii_silica_ph83,metal_coord,17,3,alternative interface,A:25:,GLY,25,A,7,1,12.576394291359644,0.14285714285714285,0.4620428571428571,0.28301,0.9740869922193928,A:21:;A:22:;A:23:;A:24:;A:25:;A:26:;A:27:,A:26:
hcaii_silica_ph83,metal_coord,18,3,alternative interface,A:139:,ASP,139,A,4,1,10.867994646617607,0.25,0.4533475,0.27210999999999996,0.9757718539238492,A:137:;A:138:;A:139:;A:208:,A:139:
hcaii_silica_ph83,metal_coord,19,3,alternative interface,A:130:,ASP,130,A,7,1,11.36821617132609,0.14285714285714285,0.5018485714285714,0.25513,0.9780169559568894,A:125:;A:128:;A:129:;A:130:;A:131:;A:132:;A:133:,A:130:
hcaii_silica_ph83,metal_coord,20,3,alternative interface,A:43:,SER,43,A,5,1,9.24344208900434,0.2,0.47314799999999996,0.06852,0.9904216492244792,A:41:;A:42:;A:43:;A:44:;A:45:,A:41:
hcaii_silica_ph83,metal_coord,21,4,alternative interface,A:220:,SER,220,A,7,1,12.700703841435601,0.14285714285714285,0.4875457142857143,0.35926,0.9686021533177241,A:150:;A:151:;A:153:;A:219:;A:220:;A:221:;A:224:,A:221:
hcaii_silica_ph83,metal_coord,22,4,alternative interface,A:213:,LYS,213,A,6,2,12.869223338785316,0.3333333333333333,0.31109,0.23382000000000003,0.9390389005475319,A:189:;A:190:;A:192:;A:213:;A:214:;A:215:,A:190:;A:214:
hcaii_silica_ph83,metal_coord,23,4,alternative interface,A:259:,SER,259,A,13,2,13.65507379600089,0.15384615384615385,0.37277000000000005,0.20117000000000002,0.9696709137756998,A:190:;A:192:;A:257:;A:258:;A:259:;A:260:;A:261:;A:40:;A:41:;A:42:;A:44:;A:45:;A:46:,A:190:;A:41:
hcaii_silica_ph83,metal_coord,24,4,alternative interface,A:242:,VAL,242,A,5,1,9.295411695845065,0.2,0.32179800000000003,0.17995999999999998,0.9721201426944296,A:227:;A:240:;A:242:;A:243:;A:99:,A:243:
hcaii_silica_ph83,metal_coord,25,4,alternative interface,A:112:,LYS,112,A,7,1,11.460601512414259,0.14285714285714285,0.3861514285714286,0.17446,0.9730343742784058,A:108:;A:109:;A:110:;A:111:;A:112:;A:113:;A:114:,A:110:
hcaii_silica_ph83,metal_coord,26,4,alternative interface,A:245:,TRP,245,A,3,1,10.221873633529173,0.3333333333333333,0.33402,0.08792,0.9510151778250238,A:243:;A:245:;A:247:,A:243:
hcaii_silica_ph83,metal_coord,27,5,alternative interface,A:92:,GLN,92,A,6,2,10.555812810954311,0.3333333333333333,0.2138483333333333,0.18486999999999998,0.8751485273336226,A:121:;A:67:;A:69:;A:91:;A:92:;A:94:,A:69:;A:94:
hcaii_silica_ph83,metal_coord,28,5,alternative interface,A:205:,GLU,205,A,7,1,13.152861462001194,0.14285714285714285,0.36201,0.13042,0.9412165402025994,A:137:;A:138:;A:195:;A:198:;A:204:;A:205:;A:27:,A:205:
hcaii_silica_ph83,metal_coord,29,5,alternative interface,A:62:,ASN,62,A,7,1,12.324562776043615,0.14285714285714285,0.3796585714285715,0.08608,0.9624867556707638,A:170:;A:171:;A:172:;A:60:;A:62:;A:64:;A:67:,A:64:
hcaii_silica_ph83,metal_coord,30,5,alternative interface,A:248:,ALA,248,A,6,1,12.527814197417054,0.16666666666666666,0.3034833333333334,0.06107,0.9495186916919289,A:108:;A:247:;A:248:;A:249:;A:250:;A:32:,A:32:
hcaii_silica_ph83,phosphate,1,1,primary plausible interface,A:219:,SER,219,A,9,5,11.81110879470507,0.5555555555555556,0.47898444444444443,0.79794,0.9715134024792584,A:150:;A:151:;A:152:;A:153:;A:154:;A:217:;A:219:;A:220:;A:221:,A:152:;A:154:;A:217:;A:219:;A:220:
hcaii_silica_ph83,phosphate,2,1,primary plausible interface,A:44:,LEU,44,A,8,3,11.433528019194064,0.375,0.4113675,0.57229,0.980651729727183,A:259:;A:41:;A:42:;A:43:;A:44:;A:45:;A:46:;A:83:,A:259:;A:43:;A:45:
hcaii_silica_ph83,phosphate,3,1,primary plausible interface,A:225:,LYS,225,A,5,3,11.13452294137822,0.6,0.556608,0.5675,0.9772654812525489,A:221:;A:224:;A:225:;A:227:;A:228:,A:225:;A:227:;A:228:
hcaii_silica_ph83,phosphate,4,1,primary plausible interface,A:40:,TYR,40,A,9,4,10.412166341104376,0.4444444444444444,0.37938666666666665,0.56418,0.9846629853654252,A:257:;A:258:;A:259:;A:260:;A:261:;A:39:;A:40:;A:41:;A:42:,A:257:;A:259:;A:261:;A:39:
hcaii_silica_ph83,phosphate,5,1,primary plausible interface,A:81:,GLY,81,A,8,3,14.0679508487457,0.375,0.5911537499999999,0.49534999999999996,0.9598193365735852,A:45:;A:46:;A:48:;A:80:;A:81:;A:83:;A:85:;A:86:,A:45:;A:48:;A:80:
hcaii_silica_ph83,phosphate,6,1,primary plausible interface,A:165:,ASP,165,A,5,2,11.517599090241347,0.4,0.557516,0.48767000000000005,0.9767268284015665,A:162:;A:163:;A:165:;A:166:;A:168:,A:166:;A:168:
hcaii_silica_ph83,phosphate,7,1,primary plausible interface,A:23:,ALA,23,A,7,2,9.86238656502899,0.2857142857142857,0.4145285714285714,0.37298000000000003,0.9822938350235628,A:17:;A:20:;A:21:;A:22:;A:23:;A:24:;A:25:,A:17:;A:24:
hcaii_silica_ph83,phosphate,8,1,primary plausible interface,A:128:,TYR,128,A,7,2,10.378355690025046,0.2857142857142857,0.48187714285714284,0.35328000000000004,0.9798156876749103,A:125:;A:127:;A:128:;A:129:;A:130:;A:131:;A:133:,A:127:;A:133:
hcaii_silica_ph83,phosphate,9,1,primary plausible interface,A:74:,GLN,74,A,6,2,9.293219230538739,0.3333333333333333,0.47066333333333327,0.32894,0.9817095656588212,A:71:;A:72:;A:73:;A:74:;A:75:;A:76:,A:73:;A:76:
hcaii_silica_ph83,phosphate,10,1,primary plausible interface,A:233:,GLY,233,A,9,1,12.37906635983168,0.1111111111111111,0.47380777777777777,0.26496,0.9849793502254297,A:169:;A:170:;A:171:;A:230:;A:231:;A:233:;A:234:;A:235:;A:236:,A:170:
hcaii_silica_ph83,phosphate,11,1,primary plausible interface,A:185:,LEU,185,A,4,1,10.386151682772436,0.25,0.58914,0.24968,0.9666308170203057,A:182:;A:183:;A:185:;A:187:,A:182:
hcaii_silica_ph83,phosphate,12,1,primary plausible interface,A:11:,ASN,11,A,11,5,13.438216693870062,0.45454545454545453,0.5591436363636364,0.24686,0.9688168505495954,A:10:;A:11:;A:13:;A:14:;A:15:;A:3:;A:4:;A:5:;A:6:;A:8:;A:9:,A:10:;A:15:;A:3:;A:4:;A:9:
hcaii_silica_ph83,phosphate,13,1,primary plausible interface,A:18:,LYS,18,A,6,3,10.031637256711026,0.5,0.5143833333333333,0.17976,0.9846200010080781,A:15:;A:17:;A:18:;A:19:;A:20:;A:21:,A:15:;A:17:;A:18:
hcaii_silica_ph83,phosphate,14,1,primary plausible interface,A:253:,ASN,253,A,5,1,12.435743864091732,0.2,0.604138,0.16729,0.9750704444284792,A:251:;A:252:;A:253:;A:255:;A:26:,A:252:
hcaii_silica_ph83,phosphate,15,1,primary plausible interface,A:100:,LEU,100,A,5,1,8.636601381863686,0.2,0.5818,0.10994999999999999,0.9799137997124686,A:100:;A:101:;A:102:;A:103:;A:99:,A:99:
hcaii_silica_ph83,phosphate,16,1,primary plausible interface,A:37:,THR,37,A,5,2,10.057637722892133,0.4,0.612682,0.00715,0.986029287002811,A:34:;A:35:;A:36:;A:37:;A:39:,A:36:;A:39:
hcaii_silica_ph83,phosphate,17,2,alternative interface,A:172:,LYS,172,A,10,5,13.294450240746974,0.5,0.372824,0.66361,0.9655416440480616,A:166:;A:168:;A:169:;A:170:;A:171:;A:172:;A:173:;A:174:;A:60:;A:62:,A:166:;A:168:;A:170:;A:172:;A:173:
hcaii_silica_ph83,phosphate,18,2,alternative interface,A:110:,ASP,110,A,8,2,11.123761636427064,0.25,0.393335,0.54877,0.9758284893381932,A:108:;A:109:;A:110:;A:111:;A:112:;A:32:;A:34:;A:35:,A:111:;A:112:
hcaii_silica_ph83,phosphate,19,2,alternative interface,A:113:,LYS,113,A,8,3,13.128821496767483,0.375,0.44514000000000004,0.53244,0.9532398782709661,A:102:;A:103:;A:108:;A:109:;A:111:;A:112:;A:113:;A:114:,A:111:;A:112:;A:113:
hcaii_silica_ph83,phosphate,20,2,alternative interface,A:49:,VAL,49,A,5,3,8.392556651376909,0.6,0.29919599999999996,0.50558,0.9745681038428873,A:48:;A:49:;A:50:;A:78:;A:80:,A:48:;A:50:;A:80:
hcaii_silica_ph83,phosphate,21,2,alternative interface,A:158:,GLN,158,A,6,2,12.83557259947193,0.3333333333333333,0.5450833333333334,0.27103,0.9650698719850389,A:154:;A:155:;A:156:;A:158:;A:159:;A:162:,A:154:;A:159:
hcaii_silica_ph83,phosphate,22,2,alternative interface,A:242:,VAL,242,A,5,2,9.295411695845065,0.4,0.32179800000000003,0.26648,0.9721201426944296,A:227:;A:240:;A:242:;A:243:;A:99:,A:227:;A:99:
hcaii_silica_ph83,phosphate,23,2,alternative interface,A:52:,ASP,52,A,6,3,13.196215564327408,0.5,0.5375733333333333,0.22314,0.9575188045970393,A:180:;A:182:;A:50:;A:52:;A:53:;A:76:,A:182:;A:50:;A:76:
hcaii_silica_ph83,phosphate,24,2,alternative interface,A:175:,ASP,175,A,7,2,12.467362096078743,0.2857142857142857,0.45712142857142857,0.22280999999999998,0.9755102556766616,A:173:;A:174:;A:175:;A:176:;A:177:;A:57:;A:58:,A:173:;A:58:
hcaii_silica_ph83,phosphate,25,2,alternative interface,A:87:,THR,87,A,8,3,13.085845969058449,0.375,0.446375,0.22155000000000002,0.9591825190015789,A:125:;A:127:;A:78:;A:80:;A:85:;A:86:;A:87:;A:89:,A:127:;A:80:;A:89:
hcaii_silica_ph83,phosphate,26,2,alternative interface,A:132:,GLY,132,A,6,1,10.6984249759615,0.16666666666666666,0.5328266666666667,0.18291000000000002,0.9768980688125353,A:130:;A:131:;A:132:;A:133:;A:135:;A:136:,A:133:
hcaii_silica_ph83,phosphate,27,2,alternative interface,A:250:,PRO,250,A,5,1,11.985248923573224,0.2,0.32614,0.16729,0.9793413616527689,A:248:;A:249:;A:250:;A:251:;A:252:,A:252:
hcaii_silica_ph83,phosphate,28,3,alternative interface,A:149:,LYS,149,A,6,2,11.700652634703333,0.3333333333333333,0.32648666666666665,0.41731999999999997,0.9601303006032927,A:114:;A:149:;A:150:;A:151:;A:215:;A:217:,A:149:;A:217:
hcaii_silica_ph83,phosphate,29,3,alternative interface,A:27:,ARG,27,A,7,2,13.513613970631436,0.2857142857142857,0.38766999999999996,0.12224,0.9557183911688876,A:195:;A:205:;A:251:;A:252:;A:25:;A:26:;A:27:,A:252:;A:27:
hcaii_silica_ph83,phosphate,30,4,alternative interface,A:190:,ASP,190,A,10,3,14.752928010227636,0.3,0.309462,0.22243,0.9473213592465859,A:188:;A:189:;A:190:;A:192:;A:213:;A:214:;A:258:;A:259:;A:260:;A:46:,A:188:;A:213:;A:259:
hcaii_silica_ph83,phosphate,31,4,alternative interface,A:69:,GLU,69,A,8,1,14.278027623506002,0.125,0.31359125,0.12571,0.9404744207849717,A:57:;A:58:;A:60:;A:67:;A:69:;A:71:;A:91:;A:92:,A:58:
hcaii_silica_ph83,phosphate,32,4,alternative interface,A:64:,HIS,64,A,4,1,11.481630527903212,0.25,0.26572999999999997,0.00269,0.955851446363534,A:231:;A:62:;A:64:;A:6:,A:64:
hcaii_silica_ph83,phosphate,33,4,alternative interface,A:94:,HIS,94,A,3,1,6.871779072637496,0.3333333333333333,0.20648666666666668,0.00079,0.9330678447433766,A:67:;A:92:;A:94:,A:94:
hcaii_silica_ph83,phosphate,34,5,alternative interface,A:193:,THR,193,A,7,1,13.397637372864,0.14285714285714285,0.19766714285714287,0.13647,0.9444454059350492,A:192:;A:193:;A:195:;A:208:;A:257:;A:258:;A:83:,A:257:
