case_id,residue_key,role
bsa_silica,A:196:,experimental_region
bsa_silica,A:197:,experimental_region
bsa_silica,A:198:,experimental_region
bsa_silica,A:199:,experimental_region
bsa_silica,A:200:,experimental_region
bsa_silica,A:201:,experimental_region
bsa_silica,A:202:,experimental_region
bsa_silica,A:203:,experimental_region
bsa_silica,A:204:,experimental_region
bsa_silica,A:205:,experimental_region
bsa_silica,A:206:,experimental_region
bsa_silica,A:207:,experimental_region
bsa_silica,A:208:,experimental_region
bsa_silica,A:209:,experimental_region
bsa_silica,A:210:,experimental_region
bsa_silica,A:211:,experimental_region
bsa_silica,A:212:,experimental_region
bsa_silica,A:213:,experimental_region
bsa_silica,A:214:,experimental_region
bsa_silica,A:215:,experimental_region
bsa_silica,A:216:,experimental_region
bsa_silica,A:217:,experimental_region
bsa_silica,A:218:,experimental_region
bsa_silica,A:219:,experimental_region
bsa_silica,A:220:,experimental_region
bsa_silica,A:221:,experimental_region
bsa_silica,A:222:,experimental_region
bsa_silica,A:223:,experimental_region
bsa_silica,A:224:,experimental_region
bsa_silica,A:225:,experimental_region
bsa_silica,A:226:,experimental_region
bsa_silica,A:227:,experimental_region
bsa_silica,A:228:,experimental_region
bsa_silica,A:229:,experimental_region
bsa_silica,A:230:,experimental_region
bsa_silica,A:231:,experimental_region
bsa_silica,A:232:,experimental_region
bsa_silica,A:233:,experimental_region
bsa_silica,A:234:,experimental_region
bsa_silica,A:235:,experimental_region
bsa_silica,A:236:,experimental_region
bsa_silica,A:237:,experimental_region
bsa_silica,A:238:,experimental_region
bsa_silica,A:239:,experimental_region
bsa_silica,A:240:,experimental_region
bsa_silica,A:241:,experimental_region
bsa_silica,A:242:,experimental_region
bsa_silica,A:243:,experimental_region
bsa_silica,A:244:,experimental_region
bsa_silica,A:245:,experimental_region
bsa_silica,A:246:,experimental_region
bsa_silica,A:247:,experimental_region
bsa_silica,A:248:,experimental_region
bsa_silica,A:249:,experimental_region
bsa_silica,A:250:,experimental_region
bsa_silica,A:251:,experimental_region
bsa_silica,A:252:,experimental_region
bsa_silica,A:253:,experimental_region
bsa_silica,A:254:,experimental_region
bsa_silica,A:255:,experimental_region
bsa_silica,A:256:,experimental_region
bsa_silica,A:257:,experimental_region
bsa_silica,A:258:,experimental_region
bsa_silica,A:259:,experimental_region
bsa_silica,A:260:,experimental_region
bsa_silica,A:261:,experimental_region
bsa_silica,A:262:,experimental_region
bsa_silica,A:263:,experimental_region
bsa_silica,A:264:,experimental_region
bsa_silica,A:265:,experimental_region
bsa_silica,A:266:,experimental_region
bsa_silica,A:267:,experimental_region
bsa_silica,A:268:,experimental_region
bsa_silica,A:269:,experimental_region
bsa_silica,A:270:,experimental_region
bsa_silica,A:271:,experimental_region
bsa_silica,A:272:,experimental_region
bsa_silica,A:273:,experimental_region
bsa_silica,A:274:,experimental_region
bsa_silica,A:275:,experimental_region
bsa_silica,A:276:,experimental_region
bsa_silica,A:277:,experimental_region
bsa_silica,A:278:,experimental_region
bsa_silica,A:279:,experimental_region
bsa_silica,A:280:,experimental_region
bsa_silica,A:281:,experimental_region
bsa_silica,A:282:,experimental_region
bsa_silica,A:283:,experimental_region
bsa_silica,A:284:,experimental_region
bsa_silica,A:285:,experimental_region
bsa_silica,A:286:,experimental_region
bsa_silica,A:287:,experimental_region
bsa_silica,A:288:,experimental_region
bsa_silica,A:289:,experimental_region
bsa_silica,A:290:,experimental_region
bsa_silica,A:291:,experimental_region
bsa_silica,A:292:,experimental_region
bsa_silica,A:293:,experimental_region
bsa_silica,A:294:,experimental_region
bsa_silica,A:295:,experimental_region
bsa_silica,A:296:,experimental_region
bsa_silica,A:297:,experimental_region
bsa_silica,A:298:,experimental_region
bsa_silica,A:299:,experimental_region
bsa_silica,A:300:,experimental_region
bsa_silica,A:301:,experimental_region
bsa_silica,A:302:,experimental_region
bsa_silica,A:303:,experimental_region
bsa_silica,A:304:,experimental_region
bsa_silica,A:305:,experimental_region
bsa_silica,A:306:,experimental_region
bsa_silica,A:307:,experimental_region
bsa_silica,A:308:,experimental_region
bsa_silica,A:309:,experimental_region
bsa_silica,A:310:,experimental_region
bsa_silica,A:311:,experimental_region
bsa_silica,A:312:,experimental_region
bsa_silica,A:313:,experimental_region
bsa_silica,A:314:,experimental_region
bsa_silica,A:315:,experimental_region
bsa_silica,A:316:,experimental_region
bsa_silica,A:317:,experimental_region
bsa_silica,A:318:,experimental_region
bsa_silica,A:319:,experimental_region
bsa_silica,A:320:,experimental_region
bsa_silica,A:321:,experimental_region
bsa_silica,A:322:,experimental_region
bsa_silica,A:323:,experimental_region
bsa_silica,A:324:,experimental_region
bsa_silica,A:325:,experimental_region
bsa_silica,A:326:,experimental_region
bsa_silica,A:327:,experimental_region
bsa_silica,A:328:,experimental_region
bsa_silica,A:329:,experimental_region
bsa_silica,A:330:,experimental_region
bsa_silica,A:331:,experimental_region
bsa_silica,A:332:,experimental_region
bsa_silica,A:333:,experimental_region
bsa_silica,A:334:,experimental_region
bsa_silica,A:335:,experimental_region
bsa_silica,A:336:,experimental_region
bsa_silica,A:337:,experimental_region
bsa_silica,A:338:,experimental_region
bsa_silica,A:339:,experimental_region
bsa_silica,A:340:,experimental_region
bsa_silica,A:341:,experimental_region
bsa_silica,A:342:,experimental_region
bsa_silica,A:343:,experimental_region
bsa_silica,A:344:,experimental_region
bsa_silica,A:345:,experimental_region
bsa_silica,A:346:,experimental_region
bsa_silica,A:347:,experimental_region
bsa_silica,A:348:,experimental_region
bsa_silica,A:349:,experimental_region
bsa_silica,A:350:,experimental_region
bsa_silica,A:351:,experimental_region
bsa_silica,A:352:,experimental_region
bsa_silica,A:353:,experimental_region
bsa_silica,A:354:,experimental_region
bsa_silica,A:355:,experimental_region
bsa_silica,A:356:,experimental_region
bsa_silica,A:357:,experimental_region
bsa_silica,A:358:,experimental_region
bsa_silica,A:359:,experimental_region
bsa_silica,A:360:,experimental_region
bsa_silica,A:361:,experimental_region
bsa_silica,A:362:,experimental_region
bsa_silica,A:363:,experimental_region
bsa_silica,A:364:,experimental_region
bsa_silica,A:365:,experimental_region
bsa_silica,A:366:,experimental_region
bsa_silica,A:367:,experimental_region
bsa_silica,A:368:,experimental_region
bsa_silica,A:369:,experimental_region
bsa_silica,A:370:,experimental_region
bsa_silica,A:371:,experimental_region
bsa_silica,A:372:,experimental_region
bsa_silica,A:373:,experimental_region
bsa_silica,A:374:,experimental_region
bsa_silica,A:375:,experimental_region
bsa_silica,A:376:,experimental_region
bsa_silica,A:377:,experimental_region
bsa_silica,A:378:,experimental_region
bsa_silica,A:379:,experimental_region
bsa_silica,A:380:,experimental_region
bsa_silica,A:381:,experimental_region
bsa_silica,A:382:,experimental_region
bsa_silica,A:383:,experimental_region
bsa_silica,A:180:,top1_patch
bsa_silica,A:181:,top1_patch
bsa_silica,A:182:,top1_patch
bsa_silica,A:183:,top1_patch
bsa_silica,A:184:,top1_patch
bsa_silica,A:185:,top1_patch
bsa_silica,A:186:,top1_patch
bsa_silica,A:187:,top1_patch
bsa_silica,A:188:,top1_patch
bsa_silica,A:2:,top2_to_top5_added
bsa_silica,A:305:,top2_to_top5_added
bsa_silica,A:370:,top2_to_top5_added
bsa_silica,A:371:,top2_to_top5_added
bsa_silica,A:373:,top2_to_top5_added
bsa_silica,A:374:,top2_to_top5_added
bsa_silica,A:375:,top2_to_top5_added
bsa_silica,A:377:,top2_to_top5_added
bsa_silica,A:3:,top2_to_top5_added
bsa_silica,A:4:,top2_to_top5_added
bsa_silica,A:52:,top2_to_top5_added
bsa_silica,A:546:,top2_to_top5_added
bsa_silica,A:54:,top2_to_top5_added
bsa_silica,A:55:,top2_to_top5_added
bsa_silica,A:56:,top2_to_top5_added
bsa_silica,A:574:,top2_to_top5_added
bsa_silica,A:575:,top2_to_top5_added
bsa_silica,A:576:,top2_to_top5_added
bsa_silica,A:577:,top2_to_top5_added
bsa_silica,A:578:,top2_to_top5_added
bsa_silica,A:579:,top2_to_top5_added
bsa_silica,A:57:,top2_to_top5_added
bsa_silica,A:580:,top2_to_top5_added
bsa_silica,A:581:,top2_to_top5_added
bsa_silica,A:583:,top2_to_top5_added
bsa_silica,A:58:,top2_to_top5_added
bsa_silica,A:59:,top2_to_top5_added
bsa_silica,A:63:,top2_to_top5_added
bsa_silica,A:6:,top2_to_top5_added
hsa_paa_fe3o4,A:373:,experimental_region
hsa_paa_fe3o4,A:374:,experimental_region
hsa_paa_fe3o4,A:375:,experimental_region
hsa_paa_fe3o4,A:376:,experimental_region
hsa_paa_fe3o4,A:377:,experimental_region
hsa_paa_fe3o4,A:378:,experimental_region
hsa_paa_fe3o4,A:379:,experimental_region
hsa_paa_fe3o4,A:380:,experimental_region
hsa_paa_fe3o4,A:381:,experimental_region
hsa_paa_fe3o4,A:382:,experimental_region
hsa_paa_fe3o4,A:383:,experimental_region
hsa_paa_fe3o4,A:384:,experimental_region
hsa_paa_fe3o4,A:385:,experimental_region
hsa_paa_fe3o4,A:386:,experimental_region
hsa_paa_fe3o4,A:387:,experimental_region
hsa_paa_fe3o4,A:388:,experimental_region
hsa_paa_fe3o4,A:389:,experimental_region
hsa_paa_fe3o4,A:403:,experimental_region
hsa_paa_fe3o4,A:404:,experimental_region
hsa_paa_fe3o4,A:405:,experimental_region
hsa_paa_fe3o4,A:406:,experimental_region
hsa_paa_fe3o4,A:407:,experimental_region
hsa_paa_fe3o4,A:408:,experimental_region
hsa_paa_fe3o4,A:409:,experimental_region
hsa_paa_fe3o4,A:410:,experimental_region
hsa_paa_fe3o4,A:414:,experimental_region
hsa_paa_fe3o4,A:415:,experimental_region
hsa_paa_fe3o4,A:416:,experimental_region
hsa_paa_fe3o4,A:417:,experimental_region
hsa_paa_fe3o4,A:418:,experimental_region
hsa_paa_fe3o4,A:419:,experimental_region
hsa_paa_fe3o4,A:420:,experimental_region
hsa_paa_fe3o4,A:421:,experimental_region
hsa_paa_fe3o4,A:422:,experimental_region
hsa_paa_fe3o4,A:423:,experimental_region
hsa_paa_fe3o4,A:424:,experimental_region
hsa_paa_fe3o4,A:425:,experimental_region
hsa_paa_fe3o4,A:426:,experimental_region
hsa_paa_fe3o4,A:427:,experimental_region
hsa_paa_fe3o4,A:428:,experimental_region
hsa_paa_fe3o4,A:474:,top1_patch
hsa_paa_fe3o4,A:475:,top1_patch
hsa_paa_fe3o4,A:477:,top1_patch
hsa_paa_fe3o4,A:478:,top1_patch
hsa_paa_fe3o4,A:479:,top1_patch
hsa_paa_fe3o4,A:480:,top1_patch
hsa_paa_fe3o4,A:481:,top1_patch
hsa_paa_fe3o4,A:208:,top2_to_top5_added
hsa_paa_fe3o4,A:212:,top2_to_top5_added
hsa_paa_fe3o4,A:235:,top2_to_top5_added
hsa_paa_fe3o4,A:236:,top2_to_top5_added
hsa_paa_fe3o4,A:237:,top2_to_top5_added
hsa_paa_fe3o4,A:238:,top2_to_top5_added
hsa_paa_fe3o4,A:239:,top2_to_top5_added
hsa_paa_fe3o4,A:240:,top2_to_top5_added
hsa_paa_fe3o4,A:242:,top2_to_top5_added
hsa_paa_fe3o4,A:243:,top2_to_top5_added
hsa_paa_fe3o4,A:327:,top2_to_top5_added
hsa_paa_fe3o4,A:350:,top2_to_top5_added
hsa_paa_fe3o4,A:351:,top2_to_top5_added
hsa_paa_fe3o4,A:352:,top2_to_top5_added
hsa_paa_fe3o4,A:354:,top2_to_top5_added
hsa_paa_fe3o4,A:355:,top2_to_top5_added
hsa_paa_fe3o4,A:356:,top2_to_top5_added
hsa_paa_fe3o4,A:358:,top2_to_top5_added
hsa_paa_fe3o4,A:516:,top2_to_top5_added
hsa_paa_fe3o4,A:517:,top2_to_top5_added
hsa_paa_fe3o4,A:518:,top2_to_top5_added
hsa_paa_fe3o4,A:519:,top2_to_top5_added
hsa_paa_fe3o4,A:520:,top2_to_top5_added
hsa_paa_fe3o4,A:521:,top2_to_top5_added
hsa_paa_fe3o4,A:522:,top2_to_top5_added
hsa_paa_fe3o4,A:523:,top2_to_top5_added
hsa_paa_fe3o4,A:524:,top2_to_top5_added
hsa_paa_fe3o4,A:525:,top2_to_top5_added
hsa_paa_fe3o4,A:527:,top2_to_top5_added
hsa_paa_fe3o4,A:528:,top2_to_top5_added
hcaii_silica_ph63,A:10:,experimental_region
hcaii_silica_ph63,A:150:,top1_patch
hcaii_silica_ph63,A:151:,top1_patch
hcaii_silica_ph63,A:152:,top1_patch
hcaii_silica_ph63,A:153:,top1_patch
hcaii_silica_ph63,A:154:,top1_patch
hcaii_silica_ph63,A:217:,top1_patch
hcaii_silica_ph63,A:219:,top1_patch
hcaii_silica_ph63,A:220:,top1_patch
hcaii_silica_ph63,A:221:,top1_patch
hcaii_silica_ph63,A:108:,top2_to_top5_added
hcaii_silica_ph63,A:109:,top2_to_top5_added
hcaii_silica_ph63,A:10:,top2_to_top5_added
hcaii_silica_ph63,A:110:,top2_to_top5_added
hcaii_silica_ph63,A:111:,top2_to_top5_added
hcaii_silica_ph63,A:112:,top2_to_top5_added
hcaii_silica_ph63,A:11:,top2_to_top5_added
hcaii_silica_ph63,A:13:,top2_to_top5_added
hcaii_silica_ph63,A:14:,top2_to_top5_added
hcaii_silica_ph63,A:15:,top2_to_top5_added
hcaii_silica_ph63,A:178:,top2_to_top5_added
hcaii_silica_ph63,A:180:,top2_to_top5_added
hcaii_silica_ph63,A:182:,top2_to_top5_added
hcaii_silica_ph63,A:183:,top2_to_top5_added
hcaii_silica_ph63,A:32:,top2_to_top5_added
hcaii_silica_ph63,A:34:,top2_to_top5_added
hcaii_silica_ph63,A:35:,top2_to_top5_added
hcaii_silica_ph63,A:36:,top2_to_top5_added
hcaii_silica_ph63,A:37:,top2_to_top5_added
hcaii_silica_ph63,A:39:,top2_to_top5_added
hcaii_silica_ph63,A:3:,top2_to_top5_added
hcaii_silica_ph63,A:4:,top2_to_top5_added
hcaii_silica_ph63,A:52:,top2_to_top5_added
hcaii_silica_ph63,A:55:,top2_to_top5_added
hcaii_silica_ph63,A:5:,top2_to_top5_added
hcaii_silica_ph63,A:6:,top2_to_top5_added
hcaii_silica_ph63,A:8:,top2_to_top5_added
hcaii_silica_ph63,A:9:,top2_to_top5_added
hcaii_silica_ph83,A:37:,experimental_region
hcaii_silica_ph83,A:150:,top1_patch
hcaii_silica_ph83,A:151:,top1_patch
hcaii_silica_ph83,A:152:,top1_patch
hcaii_silica_ph83,A:153:,top1_patch
hcaii_silica_ph83,A:154:,top1_patch
hcaii_silica_ph83,A:217:,top1_patch
hcaii_silica_ph83,A:219:,top1_patch
hcaii_silica_ph83,A:220:,top1_patch
hcaii_silica_ph83,A:221:,top1_patch
hcaii_silica_ph83,A:108:,top2_to_top5_added
hcaii_silica_ph83,A:109:,top2_to_top5_added
hcaii_silica_ph83,A:110:,top2_to_top5_added
hcaii_silica_ph83,A:111:,top2_to_top5_added
hcaii_silica_ph83,A:112:,top2_to_top5_added
hcaii_silica_ph83,A:166:,top2_to_top5_added
hcaii_silica_ph83,A:168:,top2_to_top5_added
hcaii_silica_ph83,A:169:,top2_to_top5_added
hcaii_silica_ph83,A:170:,top2_to_top5_added
hcaii_silica_ph83,A:171:,top2_to_top5_added
hcaii_silica_ph83,A:172:,top2_to_top5_added
hcaii_silica_ph83,A:173:,top2_to_top5_added
hcaii_silica_ph83,A:174:,top2_to_top5_added
hcaii_silica_ph83,A:190:,top2_to_top5_added
hcaii_silica_ph83,A:192:,top2_to_top5_added
hcaii_silica_ph83,A:193:,top2_to_top5_added
hcaii_silica_ph83,A:257:,top2_to_top5_added
hcaii_silica_ph83,A:258:,top2_to_top5_added
hcaii_silica_ph83,A:259:,top2_to_top5_added
hcaii_silica_ph83,A:260:,top2_to_top5_added
hcaii_silica_ph83,A:261:,top2_to_top5_added
hcaii_silica_ph83,A:32:,top2_to_top5_added
hcaii_silica_ph83,A:34:,top2_to_top5_added
hcaii_silica_ph83,A:35:,top2_to_top5_added
hcaii_silica_ph83,A:39:,top2_to_top5_added
hcaii_silica_ph83,A:40:,top2_to_top5_added
hcaii_silica_ph83,A:41:,top2_to_top5_added
hcaii_silica_ph83,A:45:,top2_to_top5_added
hcaii_silica_ph83,A:46:,top2_to_top5_added
hcaii_silica_ph83,A:48:,top2_to_top5_added
hcaii_silica_ph83,A:60:,top2_to_top5_added
hcaii_silica_ph83,A:62:,top2_to_top5_added
hcaii_silica_ph83,A:80:,top2_to_top5_added
hcaii_silica_ph83,A:81:,top2_to_top5_added
hcaii_silica_ph83,A:83:,top2_to_top5_added
hcaii_silica_ph83,A:85:,top2_to_top5_added
hcaii_silica_ph83,A:86:,top2_to_top5_added
ubiquitin_citrate_au,A:15:,experimental_region
ubiquitin_citrate_au,A:16:,experimental_region
ubiquitin_citrate_au,A:17:,experimental_region
ubiquitin_citrate_au,A:18:,experimental_region
ubiquitin_citrate_au,A:2:,experimental_region
ubiquitin_citrate_au,A:3:,experimental_region
ubiquitin_citrate_au,A:19:,top1_patch
ubiquitin_citrate_au,A:20:,top1_patch
ubiquitin_citrate_au,A:21:,top1_patch
ubiquitin_citrate_au,A:22:,top1_patch
ubiquitin_citrate_au,A:52:,top1_patch
ubiquitin_citrate_au,A:53:,top1_patch
ubiquitin_citrate_au,A:54:,top1_patch
ubiquitin_citrate_au,A:55:,top1_patch
ubiquitin_citrate_au,A:57:,top1_patch
ubiquitin_citrate_au,A:58:,top1_patch
ubiquitin_citrate_au,A:59:,top1_patch
ubiquitin_citrate_au,A:10:,top2_to_top5_added
ubiquitin_citrate_au,A:11:,top2_to_top5_added
ubiquitin_citrate_au,A:12:,top2_to_top5_added
ubiquitin_citrate_au,A:24:,top2_to_top5_added
ubiquitin_citrate_au,A:2:,top2_to_top5_added
ubiquitin_citrate_au,A:40:,top2_to_top5_added
ubiquitin_citrate_au,A:49:,top2_to_top5_added
ubiquitin_citrate_au,A:4:,top2_to_top5_added
ubiquitin_citrate_au,A:51:,top2_to_top5_added
ubiquitin_citrate_au,A:62:,top2_to_top5_added
ubiquitin_citrate_au,A:63:,top2_to_top5_added
ubiquitin_citrate_au,A:64:,top2_to_top5_added
ubiquitin_citrate_au,A:65:,top2_to_top5_added
ubiquitin_citrate_au,A:66:,top2_to_top5_added
ubiquitin_citrate_au,A:68:,top2_to_top5_added
ubiquitin_citrate_au,A:6:,top2_to_top5_added
ubiquitin_citrate_au,A:70:,top2_to_top5_added
ubiquitin_citrate_au,A:71:,top2_to_top5_added
ubiquitin_citrate_au,A:72:,top2_to_top5_added
ubiquitin_citrate_au,A:73:,top2_to_top5_added
ubiquitin_citrate_au,A:74:,top2_to_top5_added
ubiquitin_citrate_au,A:75:,top2_to_top5_added
ubiquitin_citrate_au,A:76:,top2_to_top5_added
ubiquitin_citrate_au,A:7:,top2_to_top5_added
ubiquitin_citrate_au,A:8:,top2_to_top5_added
ubiquitin_citrate_au,A:9:,top2_to_top5_added
b2m_mpa_au,A:30:,experimental_region
b2m_mpa_au,A:31:,experimental_region
b2m_mpa_au,A:33:,experimental_region
b2m_mpa_au,A:36:,experimental_region
b2m_mpa_au,A:37:,experimental_region
b2m_mpa_au,A:3:,experimental_region
b2m_mpa_au,A:55:,experimental_region
b2m_mpa_au,A:56:,experimental_region
b2m_mpa_au,A:57:,experimental_region
b2m_mpa_au,A:61:,experimental_region
b2m_mpa_au,A:15:,top1_patch
b2m_mpa_au,A:16:,top1_patch
b2m_mpa_au,A:17:,top1_patch
b2m_mpa_au,A:18:,top1_patch
b2m_mpa_au,A:19:,top1_patch
b2m_mpa_au,A:20:,top1_patch
b2m_mpa_au,A:71:,top1_patch
b2m_mpa_au,A:72:,top1_patch
b2m_mpa_au,A:73:,top1_patch
b2m_mpa_au,A:74:,top1_patch
b2m_mpa_au,A:1:,top2_to_top5_added
b2m_mpa_au,A:29:,top2_to_top5_added
b2m_mpa_au,A:2:,top2_to_top5_added
b2m_mpa_au,A:31:,top2_to_top5_added
b2m_mpa_au,A:32:,top2_to_top5_added
b2m_mpa_au,A:3:,top2_to_top5_added
b2m_mpa_au,A:40:,top2_to_top5_added
b2m_mpa_au,A:41:,top2_to_top5_added
b2m_mpa_au,A:42:,top2_to_top5_added
b2m_mpa_au,A:43:,top2_to_top5_added
b2m_mpa_au,A:44:,top2_to_top5_added
b2m_mpa_au,A:45:,top2_to_top5_added
b2m_mpa_au,A:4:,top2_to_top5_added
b2m_mpa_au,A:54:,top2_to_top5_added
b2m_mpa_au,A:55:,top2_to_top5_added
b2m_mpa_au,A:56:,top2_to_top5_added
b2m_mpa_au,A:57:,top2_to_top5_added
b2m_mpa_au,A:58:,top2_to_top5_added
b2m_mpa_au,A:59:,top2_to_top5_added
b2m_mpa_au,A:60:,top2_to_top5_added
b2m_mpa_au,A:61:,top2_to_top5_added
b2m_mpa_au,A:62:,top2_to_top5_added
b2m_mpa_au,A:63:,top2_to_top5_added
b2m_mpa_au,A:64:,top2_to_top5_added
b2m_mpa_au,A:75:,top2_to_top5_added
b2m_mpa_au,A:76:,top2_to_top5_added
b2m_mpa_au,A:77:,top2_to_top5_added
b2m_mpa_au,A:78:,top2_to_top5_added
b2m_mpa_au,A:86:,top2_to_top5_added
asparaginase_alumoh,A:250:,experimental_region
asparaginase_alumoh,A:251:,experimental_region
asparaginase_alumoh,A:252:,experimental_region
asparaginase_alumoh,A:253:,experimental_region
asparaginase_alumoh,A:254:,experimental_region
asparaginase_alumoh,A:255:,experimental_region
asparaginase_alumoh,A:256:,experimental_region
asparaginase_alumoh,A:257:,experimental_region
asparaginase_alumoh,A:258:,experimental_region
asparaginase_alumoh,A:259:,experimental_region
asparaginase_alumoh,A:260:,experimental_region
asparaginase_alumoh,A:261:,experimental_region
asparaginase_alumoh,A:262:,experimental_region
asparaginase_alumoh,A:263:,experimental_region
asparaginase_alumoh,A:264:,experimental_region
asparaginase_alumoh,A:265:,experimental_region
asparaginase_alumoh,A:266:,experimental_region
asparaginase_alumoh,A:267:,experimental_region
asparaginase_alumoh,A:268:,experimental_region
asparaginase_alumoh,A:269:,experimental_region
asparaginase_alumoh,A:270:,experimental_region
asparaginase_alumoh,A:271:,experimental_region
asparaginase_alumoh,A:272:,experimental_region
asparaginase_alumoh,A:273:,experimental_region
asparaginase_alumoh,A:274:,experimental_region
asparaginase_alumoh,A:275:,experimental_region
asparaginase_alumoh,A:276:,experimental_region
asparaginase_alumoh,A:277:,experimental_region
asparaginase_alumoh,A:278:,experimental_region
asparaginase_alumoh,A:279:,experimental_region
asparaginase_alumoh,A:280:,experimental_region
asparaginase_alumoh,A:281:,experimental_region
asparaginase_alumoh,A:282:,experimental_region
asparaginase_alumoh,A:283:,experimental_region
asparaginase_alumoh,A:284:,experimental_region
asparaginase_alumoh,A:285:,experimental_region
asparaginase_alumoh,A:286:,experimental_region
asparaginase_alumoh,A:287:,experimental_region
asparaginase_alumoh,A:288:,experimental_region
asparaginase_alumoh,A:289:,experimental_region
asparaginase_alumoh,A:290:,experimental_region
asparaginase_alumoh,A:291:,experimental_region
asparaginase_alumoh,A:292:,experimental_region
asparaginase_alumoh,A:293:,experimental_region
asparaginase_alumoh,A:294:,experimental_region
asparaginase_alumoh,A:295:,experimental_region
asparaginase_alumoh,A:296:,experimental_region
asparaginase_alumoh,A:297:,experimental_region
asparaginase_alumoh,A:298:,experimental_region
asparaginase_alumoh,A:299:,experimental_region
asparaginase_alumoh,A:300:,experimental_region
asparaginase_alumoh,A:301:,experimental_region
asparaginase_alumoh,A:302:,experimental_region
asparaginase_alumoh,A:303:,experimental_region
asparaginase_alumoh,A:304:,experimental_region
asparaginase_alumoh,A:305:,experimental_region
asparaginase_alumoh,A:306:,experimental_region
asparaginase_alumoh,A:307:,experimental_region
asparaginase_alumoh,A:308:,experimental_region
asparaginase_alumoh,A:309:,experimental_region
asparaginase_alumoh,A:310:,experimental_region
asparaginase_alumoh,A:316:,top1_patch
asparaginase_alumoh,A:317:,top1_patch
asparaginase_alumoh,A:318:,top1_patch
asparaginase_alumoh,A:320:,top1_patch
asparaginase_alumoh,A:321:,top1_patch
asparaginase_alumoh,A:322:,top1_patch
asparaginase_alumoh,A:324:,top1_patch
asparaginase_alumoh,B:316:,top2_to_top5_added
asparaginase_alumoh,B:317:,top2_to_top5_added
asparaginase_alumoh,B:318:,top2_to_top5_added
asparaginase_alumoh,B:320:,top2_to_top5_added
asparaginase_alumoh,B:321:,top2_to_top5_added
asparaginase_alumoh,B:322:,top2_to_top5_added
asparaginase_alumoh,B:324:,top2_to_top5_added
asparaginase_alumoh,C:120:,top2_to_top5_added
asparaginase_alumoh,C:18:,top2_to_top5_added
asparaginase_alumoh,C:19:,top2_to_top5_added
asparaginase_alumoh,C:204:,top2_to_top5_added
asparaginase_alumoh,C:206:,top2_to_top5_added
asparaginase_alumoh,C:207:,top2_to_top5_added
asparaginase_alumoh,C:208:,top2_to_top5_added
asparaginase_alumoh,C:209:,top2_to_top5_added
asparaginase_alumoh,C:20:,top2_to_top5_added
asparaginase_alumoh,C:210:,top2_to_top5_added
asparaginase_alumoh,C:21:,top2_to_top5_added
asparaginase_alumoh,C:22:,top2_to_top5_added
asparaginase_alumoh,C:23:,top2_to_top5_added
asparaginase_alumoh,C:24:,top2_to_top5_added
asparaginase_alumoh,C:25:,top2_to_top5_added
asparaginase_alumoh,D:184:,top2_to_top5_added
asparaginase_alumoh,D:206:,top2_to_top5_added
asparaginase_alumoh,D:207:,top2_to_top5_added
asparaginase_alumoh,D:208:,top2_to_top5_added
asparaginase_alumoh,D:209:,top2_to_top5_added
asparaginase_alumoh,D:210:,top2_to_top5_added
