case_id,protein,pdb_id,requested_chain,selected_chain,full_pdb,prepared_pdb,propensity_track
bsa_silica,Bovine serum albumin,4F5S,A,A,experimental_predictions/pdb/full_rcsb/bsa_silica_4F5S.pdb,experimental_predictions/pdb/prepared_for_analysis/bsa_silica_4F5S_prepared.pdb,experimental_predictions/pdb/propensity_tracks/bsa_silica_anionic_propensity.pdb
hsa_paa_fe3o4,Human serum albumin,2VUF,A,A,experimental_predictions/pdb/full_rcsb/hsa_paa_fe3o4_2VUF.pdb,experimental_predictions/pdb/prepared_for_analysis/hsa_paa_fe3o4_2VUF_prepared.pdb,experimental_predictions/pdb/propensity_tracks/hsa_paa_fe3o4_anionic_propensity.pdb
hcaii_silica_ph63,Human carbonic anhydrase II,2CBA,A,A,experimental_predictions/pdb/full_rcsb/hcaii_silica_ph63_2CBA.pdb,experimental_predictions/pdb/prepared_for_analysis/hcaii_silica_ph63_2CBA_prepared.pdb,experimental_predictions/pdb/propensity_tracks/hcaii_silica_ph63_anionic_propensity.pdb
hcaii_silica_ph83,Human carbonic anhydrase II,2CBA,A,A,experimental_predictions/pdb/full_rcsb/hcaii_silica_ph83_2CBA.pdb,experimental_predictions/pdb/prepared_for_analysis/hcaii_silica_ph83_2CBA_prepared.pdb,experimental_predictions/pdb/propensity_tracks/hcaii_silica_ph83_anionic_propensity.pdb
ubiquitin_citrate_au,Human ubiquitin,1UBQ,A,A,experimental_predictions/pdb/full_rcsb/ubiquitin_citrate_au_1UBQ.pdb,experimental_predictions/pdb/prepared_for_analysis/ubiquitin_citrate_au_1UBQ_prepared.pdb,experimental_predictions/pdb/propensity_tracks/ubiquitin_citrate_au_anionic_propensity.pdb
b2m_mpa_au,Human beta-2-microglobulin,1JNJ,A,A,experimental_predictions/pdb/full_rcsb/b2m_mpa_au_1JNJ.pdb,experimental_predictions/pdb/prepared_for_analysis/b2m_mpa_au_1JNJ_prepared.pdb,experimental_predictions/pdb/propensity_tracks/b2m_mpa_au_anionic_propensity.pdb
asparaginase_alumoh,E. coli L-asparaginase II,3ECA,"A,B,C,D","A,B,C,D",experimental_predictions/pdb/full_rcsb/asparaginase_alumoh_3ECA.pdb,experimental_predictions/pdb/prepared_for_analysis/asparaginase_alumoh_3ECA_prepared.pdb,experimental_predictions/pdb/propensity_tracks/asparaginase_alumoh_cationic_propensity.pdb
transferrin_ps,Human transferrin,1SUV,"C,E","C,E",experimental_predictions/pdb/full_rcsb/transferrin_ps_1SUV.pdb,experimental_predictions/pdb/prepared_for_analysis/transferrin_ps_1SUV_prepared.pdb,experimental_predictions/pdb/propensity_tracks/transferrin_ps_hydrophobic_propensity.pdb
catalase_ps,Bovine catalase,1TGU,"A,B,C,D","A,B,C,D",experimental_predictions/pdb/full_rcsb/catalase_ps_1TGU.pdb,experimental_predictions/pdb/prepared_for_analysis/catalase_ps_1TGU_prepared.pdb,experimental_predictions/pdb/propensity_tracks/catalase_ps_hydrophobic_propensity.pdb
