case_id,analysis_set,protein,pdb_id,surface,pH,evidence_resolution,gt_kind,n_patches,top1_overlap_recall,top3_overlap_recall,top5_overlap_recall,top1_near_5A_recall,top3_near_5A_recall,top5_near_5A_recall,top1_near_8A_recall,top3_near_8A_recall,top5_near_8A_recall,best_front1_near_8A_recall,null_median_near_8A_recall,null_q90_near_8A_recall,prediction_generated_without_gt,doi
bsa_silica,primary,Bovine serum albumin,4F5S,silica,8.0,broader_region,ranges,89,0.0,0.03723404255319149,0.03723404255319149,0.0,0.07446808510638298,0.07446808510638298,0.0,0.1276595744680851,0.1276595744680851,0.1276595744680851,0.0,0.1367021276595744,True,10.1016/j.jcis.2005.03.064
hsa_paa_fe3o4,primary,Human serum albumin,2VUF,paa_fe3o4,6.2,peptide_region,ranges,89,0.0,0.0,0.0,0.0,0.0,0.0,0.0,0.075,0.15,0.075,0.0,0.2,True,10.1021/ac201889j
hcaii_silica_ph63,primary,Human carbonic anhydrase II,2CBA,silica,6.3,residue_anchor,exact,35,0.0,1.0,1.0,0.0,1.0,1.0,0.0,1.0,1.0,1.0,0.0,0.0,True,10.1529/biophysj.104.054809
hcaii_silica_ph83,primary,Human carbonic anhydrase II,2CBA,silica,8.3,residue_anchor,exact,35,0.0,0.0,0.0,0.0,0.0,0.0,0.0,1.0,1.0,1.0,0.0,0.0,True,10.1529/biophysj.104.054809
ubiquitin_citrate_au,primary,Human ubiquitin,1UBQ,citrate_au,7.7,localized_residue_region,ranges,11,0.0,0.0,0.16666666666666666,0.16666666666666666,0.16666666666666666,0.6666666666666666,0.3333333333333333,0.3333333333333333,1.0,0.8333333333333334,0.0,1.0,True,10.1021/nl101746v
b2m_mpa_au,primary,Human beta-2-microglobulin,1JNJ,mpa_au,7.0,localized_residue_set,exact,14,0.0,0.6,0.6,0.0,0.8,0.8,0.0,0.8,0.8,0.7,0.2,0.7600000000000009,True,10.1039/C8TB01129J
asparaginase_alumoh,primary,E. coli L-asparaginase II,3ECA,alumoh,7.5,broader_region,equivalent_chain_ranges,162,0.0,0.0,0.0,0.0,0.0,0.01639344262295082,0.11475409836065574,0.14754098360655737,0.16393442622950818,0.3114754098360656,0.03278688524590164,0.2786885245901639,True,10.1038/s41541-019-0115-7
transferrin_ps,secondary,Human transferrin,1SUV,polystyrene,7.4,peptide_region,ranges,81,0.0,0.0,0.0,0.0,0.0,0.0,0.0,0.0,0.0,0.0,0.0,0.16666666666666666,True,10.1021/acs.analchem.9b00482
catalase_ps,secondary,Bovine catalase,1TGU,polystyrene,7.4,peptide_region,equivalent_chain_ranges,256,0.0,0.0,0.0,0.0,0.0,0.0,0.0,0.0,0.0,0.2903225806451613,0.0,0.22580645161290322,True,10.1021/acs.analchem.9b00482
